{"timestamp":"2026-09-04T16:03:36.288671Z","level":"INFO","fields":{"message":"python/3.12.3; huggingface_hub/1.30.0; hf_xet/1.6.0; , xet-core revision de71453"},"filename":"/Users/runner/work/xet-core/xet-core/xet_runtime/src/logging/init.rs","line_number":71}
{"timestamp":"2026-09-04T16:03:36.288775Z","level":"INFO","fields":{"message":"hf_xet logging configured."},"filename":"src/logging.rs","line_number":36}
{"timestamp":"2026-09-04T16:03:36.288790Z","level":"INFO","fields":{"message":"Increased RLIMIT_NOFILE soft limit from 1048575 to 9223372036854775807"},"filename":"/Users/runner/work/xet-core/xet-core/xet_runtime/src/core/file_handle_limits.rs","line_number":31}
{"timestamp":"2026-09-04T16:03:36.531507Z","level":"INFO","fields":{"message":"Config: min_spacing_between_global_dedup_queries = 256 (default)"},"filename":"/Users/runner/work/xet-core/xet-core/xet_runtime/src/utils/configuration_utils.rs","line_number":54}
{"timestamp":"2026-09-04T16:03:36.531526Z","level":"INFO","fields":{"message":"Config: local_cas_scheme = \"local://\" (default)"},"filename":"/Users/runner/work/xet-core/xet-core/xet_runtime/src/utils/configuration_utils.rs","line_number":54}
{"timestamp":"2026-09-04T16:03:36.531530Z","level":"INFO","fields":{"message":"Config: max_concurrent_file_ingestion = 8 (default)"},"filename":"/Users/runner/work/xet-core/xet-core/xet_runtime/src/utils/configuration_utils.rs","line_number":54}
{"timestamp":"2026-09-04T16:03:36.531534Z","level":"INFO","fields":{"message":"Config: max_concurrent_file_downloads = 8 (default)"},"filename":"/Users/runner/work/xet-core/xet-core/xet_runtime/src/utils/configuration_utils.rs","line_number":54}
{"timestamp":"2026-09-04T16:03:36.531537Z","level":"INFO","fields":{"message":"Config: ingestion_block_size = 8MB (default)"},"filename":"/Users/runner/work/xet-core/xet-core/xet_runtime/src/utils/configuration_utils.rs","line_number":54}
{"timestamp":"2026-09-04T16:03:36.531542Z","level":"INFO","fields":{"message":"Config: progress_update_interval = 200ms (default)"},"filename":"/Users/runner/work/xet-core/xet-core/xet_runtime/src/utils/configuration_utils.rs","line_number":54}
{"timestamp":"2026-09-04T16:03:36.531546Z","level":"INFO","fields":{"message":"Config: progress_update_speed_sampling_window = 10s (default)"},"filename":"/Users/runner/work/xet-core/xet-core/xet_runtime/src/utils/configuration_utils.rs","line_number":54}
{"timestamp":"2026-09-04T16:03:36.531549Z","level":"INFO","fields":{"message":"Config: progress_update_speed_min_observations = 4 (default)"},"filename":"/Users/runner/work/xet-core/xet-core/xet_runtime/src/utils/configuration_utils.rs","line_number":54}
{"timestamp":"2026-09-04T16:03:36.531552Z","level":"INFO","fields":{"message":"Config: session_xorb_metadata_flush_interval = 20s (default)"},"filename":"/Users/runner/work/xet-core/xet-core/xet_runtime/src/utils/configuration_utils.rs","line_number":54}
{"timestamp":"2026-09-04T16:03:36.531555Z","level":"INFO","fields":{"message":"Config: session_xorb_metadata_flush_max_count = 64 (default)"},"filename":"/Users/runner/work/xet-core/xet-core/xet_runtime/src/utils/configuration_utils.rs","line_number":54}
{"timestamp":"2026-09-04T16:03:36.531558Z","level":"INFO","fields":{"message":"Config: default_cas_endpoint = \"http://localhost:8080\" (default)"},"filename":"/Users/runner/work/xet-core/xet-core/xet_runtime/src/utils/configuration_utils.rs","line_number":54}
{"timestamp":"2026-09-04T16:03:36.531561Z","level":"INFO","fields":{"message":"Config: aggregate_progress = true (default)"},"filename":"/Users/runner/work/xet-core/xet-core/xet_runtime/src/utils/configuration_utils.rs","line_number":54}
{"timestamp":"2026-09-04T16:03:36.531564Z","level":"INFO","fields":{"message":"Config: default_prefix = \"default\" (default)"},"filename":"/Users/runner/work/xet-core/xet-core/xet_runtime/src/utils/configuration_utils.rs","line_number":54}
{"timestamp":"2026-09-04T16:03:36.531567Z","level":"INFO","fields":{"message":"Config: staging_subdir = \"staging\" (default)"},"filename":"/Users/runner/work/xet-core/xet-core/xet_runtime/src/utils/configuration_utils.rs","line_number":54}
{"timestamp":"2026-09-04T16:03:36.531570Z","level":"INFO","fields":{"message":"Config: target_size = 67108864 (default)"},"filename":"/Users/runner/work/xet-core/xet-core/xet_runtime/src/utils/configuration_utils.rs","line_number":54}
{"timestamp":"2026-09-04T16:03:36.531573Z","level":"INFO","fields":{"message":"Config: max_target_size = 67108864 (default)"},"filename":"/Users/runner/work/xet-core/xet-core/xet_runtime/src/utils/configuration_utils.rs","line_number":54}
{"timestamp":"2026-09-04T16:03:36.531576Z","level":"INFO","fields":{"message":"Config: cache_size_limit = 16GB (default)"},"filename":"/Users/runner/work/xet-core/xet-core/xet_runtime/src/utils/configuration_utils.rs","line_number":54}
{"timestamp":"2026-09-04T16:03:36.531579Z","level":"INFO","fields":{"message":"Config: chunk_index_table_max_size = 67108864 (default)"},"filename":"/Users/runner/work/xet-core/xet-core/xet_runtime/src/utils/configuration_utils.rs","line_number":54}
{"timestamp":"2026-09-04T16:03:36.531582Z","level":"INFO","fields":{"message":"Config: cache_subdir = \"shard-cache\" (default)"},"filename":"/Users/runner/work/xet-core/xet-core/xet_runtime/src/utils/configuration_utils.rs","line_number":54}
{"timestamp":"2026-09-04T16:03:36.531584Z","level":"INFO","fields":{"message":"Config: nranges_in_streaming_fragmentation_estimator = 128 (default)"},"filename":"/Users/runner/work/xet-core/xet-core/xet_runtime/src/utils/configuration_utils.rs","line_number":54}
{"timestamp":"2026-09-04T16:03:36.531587Z","level":"INFO","fields":{"message":"Config: min_n_chunks_per_range_hysteresis_factor = 0.5 (default)"},"filename":"/Users/runner/work/xet-core/xet-core/xet_runtime/src/utils/configuration_utils.rs","line_number":54}
{"timestamp":"2026-09-04T16:03:36.531591Z","level":"INFO","fields":{"message":"Config: min_n_chunks_per_range = 8.0 (default)"},"filename":"/Users/runner/work/xet-core/xet-core/xet_runtime/src/utils/configuration_utils.rs","line_number":54}
{"timestamp":"2026-09-04T16:03:36.531594Z","level":"INFO","fields":{"message":"Config: global_dedup_query_enabled = true (default)"},"filename":"/Users/runner/work/xet-core/xet-core/xet_runtime/src/utils/configuration_utils.rs","line_number":54}
{"timestamp":"2026-09-04T16:03:36.531597Z","level":"INFO","fields":{"message":"Config: size_bytes = 0 (default)"},"filename":"/Users/runner/work/xet-core/xet-core/xet_runtime/src/utils/configuration_utils.rs","line_number":54}
{"timestamp":"2026-09-04T16:03:36.531599Z","level":"INFO","fields":{"message":"Config: retry_max_attempts = 5 (default)"},"filename":"/Users/runner/work/xet-core/xet-core/xet_runtime/src/utils/configuration_utils.rs","line_number":54}
{"timestamp":"2026-09-04T16:03:36.531602Z","level":"INFO","fields":{"message":"Config: retry_base_delay = 3s (default)"},"filename":"/Users/runner/work/xet-core/xet-core/xet_runtime/src/utils/configuration_utils.rs","line_number":54}
{"timestamp":"2026-09-04T16:03:36.531604Z","level":"INFO","fields":{"message":"Config: retry_max_duration = 360s (default)"},"filename":"/Users/runner/work/xet-core/xet-core/xet_runtime/src/utils/configuration_utils.rs","line_number":54}
{"timestamp":"2026-09-04T16:03:36.531606Z","level":"INFO","fields":{"message":"Config: idle_connection_timeout = 60s (default)"},"filename":"/Users/runner/work/xet-core/xet-core/xet_runtime/src/utils/configuration_utils.rs","line_number":54}
{"timestamp":"2026-09-04T16:03:36.531609Z","level":"INFO","fields":{"message":"Config: max_idle_connections = 16 (default)"},"filename":"/Users/runner/work/xet-core/xet-core/xet_runtime/src/utils/configuration_utils.rs","line_number":54}
{"timestamp":"2026-09-04T16:03:36.531611Z","level":"INFO","fields":{"message":"Config: connect_timeout = 60s (default)"},"filename":"/Users/runner/work/xet-core/xet-core/xet_runtime/src/utils/configuration_utils.rs","line_number":54}
{"timestamp":"2026-09-04T16:03:36.531614Z","level":"INFO","fields":{"message":"Config: read_timeout = 300s (default)"},"filename":"/Users/runner/work/xet-core/xet-core/xet_runtime/src/utils/configuration_utils.rs","line_number":54}
{"timestamp":"2026-09-04T16:03:36.531618Z","level":"INFO","fields":{"message":"Config: upload_reporting_block_size = 524288 (default)"},"filename":"/Users/runner/work/xet-core/xet-core/xet_runtime/src/utils/configuration_utils.rs","line_number":54}
{"timestamp":"2026-09-04T16:03:36.531621Z","level":"INFO","fields":{"message":"Config: enable_adaptive_concurrency = true (default)"},"filename":"/Users/runner/work/xet-core/xet-core/xet_runtime/src/utils/configuration_utils.rs","line_number":54}
{"timestamp":"2026-09-04T16:03:36.531623Z","level":"INFO","fields":{"message":"Config: ac_min_adjustment_window_ms = 500 (default)"},"filename":"/Users/runner/work/xet-core/xet-core/xet_runtime/src/utils/configuration_utils.rs","line_number":54}
{"timestamp":"2026-09-04T16:03:36.531626Z","level":"INFO","fields":{"message":"Config: ac_min_bytes_required_for_adjustment = 20MB (default)"},"filename":"/Users/runner/work/xet-core/xet-core/xet_runtime/src/utils/configuration_utils.rs","line_number":54}
{"timestamp":"2026-09-04T16:03:36.531629Z","level":"INFO","fields":{"message":"Config: ac_num_transmissions_required_for_adjustment = 1 (default)"},"filename":"/Users/runner/work/xet-core/xet-core/xet_runtime/src/utils/configuration_utils.rs","line_number":54}
{"timestamp":"2026-09-04T16:03:36.531631Z","level":"INFO","fields":{"message":"Config: ac_latency_rtt_half_life = 64.0 (default)"},"filename":"/Users/runner/work/xet-core/xet-core/xet_runtime/src/utils/configuration_utils.rs","line_number":54}
{"timestamp":"2026-09-04T16:03:36.531635Z","level":"INFO","fields":{"message":"Config: ac_success_tracking_half_life = 8.0 (default)"},"filename":"/Users/runner/work/xet-core/xet-core/xet_runtime/src/utils/configuration_utils.rs","line_number":54}
{"timestamp":"2026-09-04T16:03:36.531637Z","level":"INFO","fields":{"message":"Config: ac_target_rtt = 60s (default)"},"filename":"/Users/runner/work/xet-core/xet-core/xet_runtime/src/utils/configuration_utils.rs","line_number":54}
{"timestamp":"2026-09-04T16:03:36.531639Z","level":"INFO","fields":{"message":"Config: ac_max_healthy_rtt = 90s (default)"},"filename":"/Users/runner/work/xet-core/xet-core/xet_runtime/src/utils/configuration_utils.rs","line_number":54}
{"timestamp":"2026-09-04T16:03:36.531642Z","level":"INFO","fields":{"message":"Config: ac_rtt_success_max_quantile = 0.95 (default)"},"filename":"/Users/runner/work/xet-core/xet-core/xet_runtime/src/utils/configuration_utils.rs","line_number":54}
{"timestamp":"2026-09-04T16:03:36.531644Z","level":"INFO","fields":{"message":"Config: ac_healthy_success_ratio_threshold = 0.8 (default)"},"filename":"/Users/runner/work/xet-core/xet-core/xet_runtime/src/utils/configuration_utils.rs","line_number":54}
{"timestamp":"2026-09-04T16:03:36.531647Z","level":"INFO","fields":{"message":"Config: ac_unhealthy_success_ratio_threshold = 0.5 (default)"},"filename":"/Users/runner/work/xet-core/xet-core/xet_runtime/src/utils/configuration_utils.rs","line_number":54}
{"timestamp":"2026-09-04T16:03:36.531649Z","level":"INFO","fields":{"message":"Config: ac_max_reference_transmission_size = 64MB (default)"},"filename":"/Users/runner/work/xet-core/xet-core/xet_runtime/src/utils/configuration_utils.rs","line_number":54}
{"timestamp":"2026-09-04T16:03:36.531652Z","level":"INFO","fields":{"message":"Config: ac_min_reference_transmission_size = 1MB (default)"},"filename":"/Users/runner/work/xet-core/xet-core/xet_runtime/src/utils/configuration_utils.rs","line_number":54}
{"timestamp":"2026-09-04T16:03:36.531654Z","level":"INFO","fields":{"message":"Config: ac_logging_interval_ms = 10000 (default)"},"filename":"/Users/runner/work/xet-core/xet-core/xet_runtime/src/utils/configuration_utils.rs","line_number":54}
{"timestamp":"2026-09-04T16:03:36.531657Z","level":"INFO","fields":{"message":"Config: ac_max_upload_concurrency = 64 (default)"},"filename":"/Users/runner/work/xet-core/xet-core/xet_runtime/src/utils/configuration_utils.rs","line_number":54}
{"timestamp":"2026-09-04T16:03:36.531660Z","level":"INFO","fields":{"message":"Config: ac_min_upload_concurrency = 1 (default)"},"filename":"/Users/runner/work/xet-core/xet-core/xet_runtime/src/utils/configuration_utils.rs","line_number":54}
{"timestamp":"2026-09-04T16:03:36.531662Z","level":"INFO","fields":{"message":"Config: ac_initial_upload_concurrency = 2 (default)"},"filename":"/Users/runner/work/xet-core/xet-core/xet_runtime/src/utils/configuration_utils.rs","line_number":54}
{"timestamp":"2026-09-04T16:03:36.531665Z","level":"INFO","fields":{"message":"Config: ac_max_download_concurrency = 64 (default)"},"filename":"/Users/runner/work/xet-core/xet-core/xet_runtime/src/utils/configuration_utils.rs","line_number":54}
{"timestamp":"2026-09-04T16:03:36.531667Z","level":"INFO","fields":{"message":"Config: ac_min_download_concurrency = 1 (default)"},"filename":"/Users/runner/work/xet-core/xet-core/xet_runtime/src/utils/configuration_utils.rs","line_number":54}
{"timestamp":"2026-09-04T16:03:36.531670Z","level":"INFO","fields":{"message":"Config: ac_initial_download_concurrency = 4 (default)"},"filename":"/Users/runner/work/xet-core/xet-core/xet_runtime/src/utils/configuration_utils.rs","line_number":54}
{"timestamp":"2026-09-04T16:03:36.531672Z","level":"INFO","fields":{"message":"Config: unix_socket_path = None (default)"},"filename":"/Users/runner/work/xet-core/xet-core/xet_runtime/src/utils/configuration_utils.rs","line_number":54}
{"timestamp":"2026-09-04T16:03:36.531675Z","level":"INFO","fields":{"message":"Config: reconstruction_api_version = None (default)"},"filename":"/Users/runner/work/xet-core/xet-core/xet_runtime/src/utils/configuration_utils.rs","line_number":54}
{"timestamp":"2026-09-04T16:03:36.531703Z","level":"INFO","fields":{"message":"Config: shard_api_version = None (default)"},"filename":"/Users/runner/work/xet-core/xet-core/xet_runtime/src/utils/configuration_utils.rs","line_number":54}
{"timestamp":"2026-09-04T16:03:36.531705Z","level":"INFO","fields":{"message":"Config: enable_multirange_fetching = false (default)"},"filename":"/Users/runner/work/xet-core/xet-core/xet_runtime/src/utils/configuration_utils.rs","line_number":54}
{"timestamp":"2026-09-04T16:03:36.531707Z","level":"INFO","fields":{"message":"Config: dest = None (default)"},"filename":"/Users/runner/work/xet-core/xet-core/xet_runtime/src/utils/configuration_utils.rs","line_number":54}
{"timestamp":"2026-09-04T16:03:36.531710Z","level":"INFO","fields":{"message":"Config: format = None (default)"},"filename":"/Users/runner/work/xet-core/xet-core/xet_runtime/src/utils/configuration_utils.rs","line_number":54}
{"timestamp":"2026-09-04T16:03:36.531712Z","level":"INFO","fields":{"message":"Config: prefix = \"xet\" (default)"},"filename":"/Users/runner/work/xet-core/xet-core/xet_runtime/src/utils/configuration_utils.rs","line_number":54}
{"timestamp":"2026-09-04T16:03:36.531715Z","level":"INFO","fields":{"message":"Config: dir_disable_cleanup = false (default)"},"filename":"/Users/runner/work/xet-core/xet-core/xet_runtime/src/utils/configuration_utils.rs","line_number":54}
{"timestamp":"2026-09-04T16:03:36.531717Z","level":"INFO","fields":{"message":"Config: dir_max_size = 250MB (default)"},"filename":"/Users/runner/work/xet-core/xet-core/xet_runtime/src/utils/configuration_utils.rs","line_number":54}
{"timestamp":"2026-09-04T16:03:36.531720Z","level":"INFO","fields":{"message":"Config: dir_min_deletion_age = 86400s (default)"},"filename":"/Users/runner/work/xet-core/xet-core/xet_runtime/src/utils/configuration_utils.rs","line_number":54}
{"timestamp":"2026-09-04T16:03:36.531722Z","level":"INFO","fields":{"message":"Config: dir_max_retention_age = 1209600s (default)"},"filename":"/Users/runner/work/xet-core/xet-core/xet_runtime/src/utils/configuration_utils.rs","line_number":54}
{"timestamp":"2026-09-04T16:03:36.531725Z","level":"INFO","fields":{"message":"Config: min_reconstruction_fetch_size = 256MB (default)"},"filename":"/Users/runner/work/xet-core/xet-core/xet_runtime/src/utils/configuration_utils.rs","line_number":54}
{"timestamp":"2026-09-04T16:03:36.531728Z","level":"INFO","fields":{"message":"Config: max_reconstruction_fetch_size = 8GB (default)"},"filename":"/Users/runner/work/xet-core/xet-core/xet_runtime/src/utils/configuration_utils.rs","line_number":54}
{"timestamp":"2026-09-04T16:03:36.531731Z","level":"INFO","fields":{"message":"Config: download_buffer_size = 2GB (default)"},"filename":"/Users/runner/work/xet-core/xet-core/xet_runtime/src/utils/configuration_utils.rs","line_number":54}
{"timestamp":"2026-09-04T16:03:36.531733Z","level":"INFO","fields":{"message":"Config: download_buffer_perfile_size = 512MB (default)"},"filename":"/Users/runner/work/xet-core/xet-core/xet_runtime/src/utils/configuration_utils.rs","line_number":54}
{"timestamp":"2026-09-04T16:03:36.531736Z","level":"INFO","fields":{"message":"Config: download_buffer_limit = 8GB (default)"},"filename":"/Users/runner/work/xet-core/xet-core/xet_runtime/src/utils/configuration_utils.rs","line_number":54}
{"timestamp":"2026-09-04T16:03:36.531739Z","level":"INFO","fields":{"message":"Config: completion_rate_estimator_half_life = 4.0 (default)"},"filename":"/Users/runner/work/xet-core/xet-core/xet_runtime/src/utils/configuration_utils.rs","line_number":54}
{"timestamp":"2026-09-04T16:03:36.531741Z","level":"INFO","fields":{"message":"Config: target_block_completion_time = 900s (default)"},"filename":"/Users/runner/work/xet-core/xet-core/xet_runtime/src/utils/configuration_utils.rs","line_number":54}
{"timestamp":"2026-09-04T16:03:36.531744Z","level":"INFO","fields":{"message":"Config: min_prefetch_buffer = 1GB (default)"},"filename":"/Users/runner/work/xet-core/xet-core/xet_runtime/src/utils/configuration_utils.rs","line_number":54}
{"timestamp":"2026-09-04T16:03:36.531747Z","level":"INFO","fields":{"message":"Config: use_vectored_write = true (default)"},"filename":"/Users/runner/work/xet-core/xet-core/xet_runtime/src/utils/configuration_utils.rs","line_number":54}
{"timestamp":"2026-09-04T16:03:36.531749Z","level":"INFO","fields":{"message":"Config: compression_scheme_retest_interval = 32 (default)"},"filename":"/Users/runner/work/xet-core/xet-core/xet_runtime/src/utils/configuration_utils.rs","line_number":54}
{"timestamp":"2026-09-04T16:03:36.531752Z","level":"INFO","fields":{"message":"Config: compression_policy = \"auto\" (default)"},"filename":"/Users/runner/work/xet-core/xet-core/xet_runtime/src/utils/config_enum.rs","line_number":174}
{"timestamp":"2026-09-04T16:03:36.531755Z","level":"INFO","fields":{"message":"Config: simulation_max_bytes = None (default)"},"filename":"/Users/runner/work/xet-core/xet-core/xet_runtime/src/utils/configuration_utils.rs","line_number":54}
{"timestamp":"2026-09-04T16:03:36.531758Z","level":"INFO","fields":{"message":"Config: simulation_max_chunks = None (default)"},"filename":"/Users/runner/work/xet-core/xet-core/xet_runtime/src/utils/configuration_utils.rs","line_number":54}
{"timestamp":"2026-09-04T16:03:36.531783Z","level":"INFO","fields":{"message":"Config: dir_name = \"shard-session\" (default)"},"filename":"/Users/runner/work/xet-core/xet-core/xet_runtime/src/utils/configuration_utils.rs","line_number":54}
{"timestamp":"2026-09-04T16:03:36.531786Z","level":"INFO","fields":{"message":"Config: enabled = false (default)"},"filename":"/Users/runner/work/xet-core/xet-core/xet_runtime/src/utils/configuration_utils.rs","line_number":54}
{"timestamp":"2026-09-04T16:03:36.531788Z","level":"INFO","fields":{"message":"Config: sample_interval = 5s (default)"},"filename":"/Users/runner/work/xet-core/xet-core/xet_runtime/src/utils/configuration_utils.rs","line_number":54}
{"timestamp":"2026-09-04T16:03:36.531790Z","level":"INFO","fields":{"message":"Config: log_path = None (default)"},"filename":"/Users/runner/work/xet-core/xet-core/xet_runtime/src/utils/configuration_utils.rs","line_number":54}
{"timestamp":"2026-09-04T16:03:36.531848Z","level":"INFO","fields":{"message":"Using 10 async threads for tokio runtime"},"filename":"/Users/runner/work/xet-core/xet-core/xet_runtime/src/core/runtime/native.rs","line_number":63}
{"timestamp":"2026-09-04T16:03:36.532388Z","level":"INFO","fields":{"message":"Session created, session_id=01a06d29-45d4-7613-8d66-742655782261"},"filename":"/Users/runner/work/xet-core/xet-core/xet_pkg/src/xet_session/session.rs","line_number":192}
{"timestamp":"2026-09-04T16:03:36.533057Z","level":"INFO","fields":{"message":"CAS auth disabled","caller":"/Users/runner/work/xet-core/xet-core/xet_client/src/common/http_client.rs:166"},"filename":"/Users/runner/work/xet-core/xet-core/xet_runtime/src/error_printer/mod.rs","line_number":198}
{"timestamp":"2026-09-04T16:03:36.533959Z","level":"INFO","fields":{"message":"HTTP client configured","idle_timeout":"60s","max_idle_connections":16,"custom_headers":"Some({\"user-agent\": \"unknown/None; hf_hub/1.30.0; python/3.12.3; torch/2.14.0\"})"},"filename":"/Users/runner/work/xet-core/xet-core/xet_client/src/common/http_client.rs","line_number":187}
{"timestamp":"2026-09-04T16:03:36.535706Z","level":"INFO","fields":{"message":"TranslatorConfig initialized","endpoint":"https://cas-server.xethub.hf.co","session_id":"Some(\"01a06d29-45d6-78c0-a45f-f0404bfde29b\")","shard_cache":"/private/tmp/extra/CryptoVectorClassification/Garden-Weeding/hf_cache/xet/https___cas_serv-tGqkUaZf_CBPHQ6h/shard-cache","shard_session":"/private/tmp/extra/CryptoVectorClassification/Garden-Weeding/hf_cache/xet/https___cas_serv-tGqkUaZf_CBPHQ6h/staging/shard-session"},"filename":"/Users/runner/work/xet-core/xet-core/xet_data/src/processing/configurations.rs","line_number":127}
{"timestamp":"2026-09-04T16:03:36.535987Z","level":"INFO","fields":{"message":"HTTP client configured","idle_timeout":"60s","max_idle_connections":16,"custom_headers":"Some({\"user-agent\": \"unknown/None; hf_hub/1.30.0; python/3.12.3; torch/2.14.0; hf_xet/1.6.0\"})"},"filename":"/Users/runner/work/xet-core/xet-core/xet_client/src/common/http_client.rs","line_number":187}
{"timestamp":"2026-09-04T16:03:36.535998Z","level":"INFO","fields":{"message":"CAS auth disabled","caller":"/Users/runner/work/xet-core/xet-core/xet_client/src/common/http_client.rs:166"},"filename":"/Users/runner/work/xet-core/xet-core/xet_runtime/src/error_printer/mod.rs","line_number":198}
{"timestamp":"2026-09-04T16:03:36.536004Z","level":"INFO","fields":{"message":"HTTP client configured","idle_timeout":"60s","max_idle_connections":16,"custom_headers":"Some({\"user-agent\": \"unknown/None; hf_hub/1.30.0; python/3.12.3; torch/2.14.0; hf_xet/1.6.0\"})"},"filename":"/Users/runner/work/xet-core/xet-core/xet_client/src/common/http_client.rs","line_number":187}
{"timestamp":"2026-09-04T16:03:36.536543Z","level":"INFO","fields":{"message":"No-read-timeout HTTP client configured (for shard uploads)","connect_timeout":"60s"},"filename":"/Users/runner/work/xet-core/xet-core/xet_client/src/common/http_client.rs","line_number":136}
{"timestamp":"2026-09-04T16:03:36.536558Z","level":"INFO","fields":{"message":"Initializing Adaptive Concurrency Controller for upload with starting concurrency = 2; min = 1, max = 64, min_bytes_for_adjustment = 20000000, min_completed_transmissions_for_adjustment = 1"},"filename":"/Users/runner/work/xet-core/xet-core/xet_client/src/cas_client/adaptive_concurrency/controller.rs","line_number":306}
{"timestamp":"2026-09-04T16:03:36.536567Z","level":"INFO","fields":{"message":"Initializing Adaptive Concurrency Controller for download with starting concurrency = 4; min = 1, max = 64, min_bytes_for_adjustment = 20000000, min_completed_transmissions_for_adjustment = 1"},"filename":"/Users/runner/work/xet-core/xet-core/xet_client/src/cas_client/adaptive_concurrency/controller.rs","line_number":306}
{"timestamp":"2026-09-04T16:03:36.536763Z","level":"INFO","fields":{"message":"New file download group, session_id=01a06d29-45d4-7613-8d66-742655782261, group_id=1"},"filename":"/Users/runner/work/xet-core/xet-core/xet_pkg/src/xet_session/file_download_group.rs","line_number":61}
{"timestamp":"2026-09-04T16:03:36.536882Z","level":"INFO","fields":{"message":"Download file to path","group_id":"1","dest_path":"\"/Users/I589129/.cache/huggingface/hub/models--Salesforce--codet5-small/blobs/968fb0f45e1efc8cf3dd50012d1f82ad82098107cbadde2c0fdd8e61bac02908.a7f0de49.incomplete\"","hash":"18a8d358b44bee6f378ec0bdffa770d877a61637454f6804f830cb4a7ac9cea5"},"filename":"/Users/runner/work/xet-core/xet-core/xet_pkg/src/xet_session/file_download_group.rs","line_number":287}
{"timestamp":"2026-09-04T16:03:36.537148Z","level":"INFO","fields":{"message":"Download group finish","group_id":"1"},"filename":"/Users/runner/work/xet-core/xet-core/xet_pkg/src/xet_session/file_download_group.rs","line_number":306}
{"timestamp":"2026-09-04T16:03:36.537102Z","level":"INFO","fields":{"message":"Reconstructing file to disk","file_hash":"18a8d358b44bee6f378ec0bdffa770d877a61637454f6804f830cb4a7ac9cea5","byte_range":"None","path":"/Users/I589129/.cache/huggingface/hub/models--Salesforce--codet5-small/blobs/968fb0f45e1efc8cf3dd50012d1f82ad82098107cbadde2c0fdd8e61bac02908.a7f0de49.incomplete","write_offset":"None"},"filename":"/Users/runner/work/xet-core/xet-core/xet_data/src/file_reconstruction/file_reconstructor.rs","line_number":126}
{"timestamp":"2026-09-04T16:03:36.540415Z","level":"INFO","fields":{"message":"Scheduling prefetch block","file_hash":"18a8d358b44bee6f378ec0bdffa770d877a61637454f6804f830cb4a7ac9cea5","prefetch_range":"(0, 256000000)","requested_block_size":256000000,"actual_block_size":256000000,"queue_depth":1},"filename":"/Users/runner/work/xet-core/xet-core/xet_data/src/file_reconstruction/reconstruction_terms/manager.rs","line_number":277}
{"timestamp":"2026-09-04T16:03:36.540468Z","level":"INFO","fields":{"message":"Scheduling prefetch block","file_hash":"18a8d358b44bee6f378ec0bdffa770d877a61637454f6804f830cb4a7ac9cea5","prefetch_range":"(256000000, 768000000)","requested_block_size":512000000,"actual_block_size":512000000,"queue_depth":2},"filename":"/Users/runner/work/xet-core/xet-core/xet_data/src/file_reconstruction/reconstruction_terms/manager.rs","line_number":277}
{"timestamp":"2026-09-04T16:03:36.540480Z","level":"INFO","fields":{"message":"Scheduling prefetch block","file_hash":"18a8d358b44bee6f378ec0bdffa770d877a61637454f6804f830cb4a7ac9cea5","prefetch_range":"(768000000, 1024000000)","requested_block_size":256000000,"actual_block_size":256000000,"queue_depth":3},"filename":"/Users/runner/work/xet-core/xet-core/xet_data/src/file_reconstruction/reconstruction_terms/manager.rs","line_number":277}
{"timestamp":"2026-09-04T16:03:36.540571Z","level":"INFO","fields":{"message":"Starting get_reconstruction API call","call_id":1,"file_id":"18a8d358b44bee6f378ec0bdffa770d877a61637454f6804f830cb4a7ac9cea5","bytes_range":"Some(Range { start: 256000000, end: 768000000 })","api_version":"v2"},"filename":"/Users/runner/work/xet-core/xet-core/xet_client/src/cas_client/remote_client.rs","line_number":214}
{"timestamp":"2026-09-04T16:03:36.540581Z","level":"INFO","fields":{"message":"Starting get_reconstruction API call","call_id":3,"file_id":"18a8d358b44bee6f378ec0bdffa770d877a61637454f6804f830cb4a7ac9cea5","bytes_range":"Some(Range { start: 768000000, end: 1024000000 })","api_version":"v2"},"filename":"/Users/runner/work/xet-core/xet-core/xet_client/src/cas_client/remote_client.rs","line_number":214}
{"timestamp":"2026-09-04T16:03:36.540582Z","level":"INFO","fields":{"message":"Starting get_reconstruction API call","call_id":2,"file_id":"18a8d358b44bee6f378ec0bdffa770d877a61637454f6804f830cb4a7ac9cea5","bytes_range":"Some(Range { start: 0, end: 256000000 })","api_version":"v2"},"filename":"/Users/runner/work/xet-core/xet-core/xet_client/src/cas_client/remote_client.rs","line_number":214}
{"timestamp":"2026-09-04T16:03:36.540586Z","level":"INFO","fields":{"message":"Retry strategy","retry":"RetryWrapper { max_attempts: 5, base_delay: 3s, max_duration: 360s, no_retry_on_429: false, retry_on_403: false, expected_416: true, expected_404: false, log_errors_as_info: false, api_tag: \"cas::get_reconstruction_v2\", has_connection_permit: false }"},"filename":"/Users/runner/work/xet-core/xet-core/xet_client/src/cas_client/retry_wrapper.rs","line_number":274}
{"timestamp":"2026-09-04T16:03:36.540589Z","level":"INFO","fields":{"message":"Retry strategy","retry":"RetryWrapper { max_attempts: 5, base_delay: 3s, max_duration: 360s, no_retry_on_429: false, retry_on_403: false, expected_416: true, expected_404: false, log_errors_as_info: false, api_tag: \"cas::get_reconstruction_v2\", has_connection_permit: false }"},"filename":"/Users/runner/work/xet-core/xet-core/xet_client/src/cas_client/retry_wrapper.rs","line_number":274}
{"timestamp":"2026-09-04T16:03:36.540590Z","level":"INFO","fields":{"message":"Retry strategy","retry":"RetryWrapper { max_attempts: 5, base_delay: 3s, max_duration: 360s, no_retry_on_429: false, retry_on_403: false, expected_416: true, expected_404: false, log_errors_as_info: false, api_tag: \"cas::get_reconstruction_v2\", has_connection_permit: false }"},"filename":"/Users/runner/work/xet-core/xet-core/xet_client/src/cas_client/retry_wrapper.rs","line_number":274}
{"timestamp":"2026-09-04T16:03:37.175774Z","level":"INFO","fields":{"message":"Received CAS response","request_id":"01M1PJJJ22PGPBH3AEWPKD5CSW","status_code":416},"filename":"/Users/runner/work/xet-core/xet-core/xet_client/src/common/http_client.rs","line_number":288}
{"timestamp":"2026-09-04T16:03:37.175908Z","level":"INFO","fields":{"message":"Reached end of reconstruction 416 (Range Not Satisfiable): \"cas::get_reconstruction_v2\" api call failed (request id 01M1PJJJ22PGPBH3AEWPKD5CSW): HTTP status client error (416 Range Not Satisfiable) for url (https://cas-server.xethub.hf.co/v2/reconstructions/18a8d358b44bee6f378ec0bdffa770d877a61637454f6804f830cb4a7ac9cea5)"},"filename":"/Users/runner/work/xet-core/xet-core/xet_client/src/cas_client/retry_wrapper.rs","line_number":189}
{"timestamp":"2026-09-04T16:03:37.179941Z","level":"INFO","fields":{"message":"Received CAS response","request_id":"01M1PJJJ22VC3PRSEADZ9YJ7S7","status_code":416},"filename":"/Users/runner/work/xet-core/xet-core/xet_client/src/common/http_client.rs","line_number":288}
{"timestamp":"2026-09-04T16:03:37.179982Z","level":"INFO","fields":{"message":"Reached end of reconstruction 416 (Range Not Satisfiable): \"cas::get_reconstruction_v2\" api call failed (request id 01M1PJJJ22VC3PRSEADZ9YJ7S7): HTTP status client error (416 Range Not Satisfiable) for url (https://cas-server.xethub.hf.co/v2/reconstructions/18a8d358b44bee6f378ec0bdffa770d877a61637454f6804f830cb4a7ac9cea5)"},"filename":"/Users/runner/work/xet-core/xet-core/xet_client/src/cas_client/retry_wrapper.rs","line_number":189}
{"timestamp":"2026-09-04T16:03:37.777632Z","level":"INFO","fields":{"message":"Received CAS response","request_id":"01M1PJJJ21ATDBVDC2WV6GVF73","status_code":200},"filename":"/Users/runner/work/xet-core/xet-core/xet_client/src/common/http_client.rs","line_number":288}
{"timestamp":"2026-09-04T16:03:37.777693Z","level":"INFO","fields":{"message":"Request Success: cas::get_reconstruction_v2 api call succeeded (request id 01M1PJJJ21ATDBVDC2WV6GVF73)."},"filename":"/Users/runner/work/xet-core/xet-core/xet_client/src/cas_client/retry_wrapper.rs","line_number":237}
{"timestamp":"2026-09-04T16:03:37.780007Z","level":"INFO","fields":{"message":"Completed get_reconstruction API call","call_id":2,"file_id":"18a8d358b44bee6f378ec0bdffa770d877a61637454f6804f830cb4a7ac9cea5","bytes_range":"Some(Range { start: 0, end: 256000000 })","api_version":"v2"},"filename":"/Users/runner/work/xet-core/xet-core/xet_client/src/cas_client/remote_client.rs","line_number":238}
{"timestamp":"2026-09-04T16:03:37.780367Z","level":"INFO","fields":{"message":"Received block of file terms from prefetch queue","file_hash":"18a8d358b44bee6f378ec0bdffa770d877a61637454f6804f830cb4a7ac9cea5","domain":"us.aws.cdn.hf.co","block_start":0,"block_end":242026427,"block_size":154},"filename":"/Users/runner/work/xet-core/xet-core/xet_data/src/file_reconstruction/reconstruction_terms/manager.rs","line_number":156}
{"timestamp":"2026-09-04T16:03:37.780656Z","level":"INFO","fields":{"message":"Retry strategy","retry":"RetryWrapper { max_attempts: 5, base_delay: 3s, max_duration: 360s, no_retry_on_429: false, retry_on_403: true, expected_416: false, expected_404: false, log_errors_as_info: false, api_tag: \"s3::get_range\", has_connection_permit: true }"},"filename":"/Users/runner/work/xet-core/xet-core/xet_client/src/cas_client/retry_wrapper.rs","line_number":274}
{"timestamp":"2026-09-04T16:03:37.780669Z","level":"INFO","fields":{"message":"Retry strategy","retry":"RetryWrapper { max_attempts: 5, base_delay: 3s, max_duration: 360s, no_retry_on_429: false, retry_on_403: true, expected_416: false, expected_404: false, log_errors_as_info: false, api_tag: \"s3::get_range\", has_connection_permit: true }"},"filename":"/Users/runner/work/xet-core/xet-core/xet_client/src/cas_client/retry_wrapper.rs","line_number":274}
{"timestamp":"2026-09-04T16:03:37.780699Z","level":"INFO","fields":{"message":"Retry strategy","retry":"RetryWrapper { max_attempts: 5, base_delay: 3s, max_duration: 360s, no_retry_on_429: false, retry_on_403: true, expected_416: false, expected_404: false, log_errors_as_info: false, api_tag: \"s3::get_range\", has_connection_permit: true }"},"filename":"/Users/runner/work/xet-core/xet-core/xet_client/src/cas_client/retry_wrapper.rs","line_number":274}
{"timestamp":"2026-09-04T16:03:37.780923Z","level":"INFO","fields":{"message":"Retry strategy","retry":"RetryWrapper { max_attempts: 5, base_delay: 3s, max_duration: 360s, no_retry_on_429: false, retry_on_403: true, expected_416: false, expected_404: false, log_errors_as_info: false, api_tag: \"s3::get_range\", has_connection_permit: true }"},"filename":"/Users/runner/work/xet-core/xet-core/xet_client/src/cas_client/retry_wrapper.rs","line_number":274}
{"timestamp":"2026-09-04T16:03:37.781111Z","level":"INFO","fields":{"message":"Updated completion rate estimate based on previous block completion time (seconds).","file_hash":"18a8d358b44bee6f378ec0bdffa770d877a61637454f6804f830cb4a7ac9cea5","block_start":0,"block_end":242026427,"block_size":242026427,"completion_time":0.000743667},"filename":"/Users/runner/work/xet-core/xet-core/xet_data/src/file_reconstruction/reconstruction_terms/manager.rs","line_number":109}
{"timestamp":"2026-09-04T16:03:37.781135Z","level":"INFO","fields":{"message":"Completed prefetch queue; end of file reached.","file_hash":"18a8d358b44bee6f378ec0bdffa770d877a61637454f6804f830cb4a7ac9cea5","prefetched_byte_position":1024000000},"filename":"/Users/runner/work/xet-core/xet-core/xet_data/src/file_reconstruction/reconstruction_terms/manager.rs","line_number":183}
{"timestamp":"2026-09-04T16:03:37.781155Z","level":"INFO","fields":{"message":"All term blocks received and scheduled for writing","file_hash":"18a8d358b44bee6f378ec0bdffa770d877a61637454f6804f830cb4a7ac9cea5","block_count":1,"total_terms_processed":154,"total_bytes_scheduled":242026427},"filename":"/Users/runner/work/xet-core/xet-core/xet_data/src/file_reconstruction/run_state.rs","line_number":150}
{"timestamp":"2026-09-04T16:03:37.984794Z","level":"INFO","fields":{"message":"Received CAS response","request_id":"01M1PJJJVX089WWRC0907R2D55","status_code":206},"filename":"/Users/runner/work/xet-core/xet-core/xet_client/src/common/http_client.rs","line_number":288}
{"timestamp":"2026-09-04T16:03:37.984853Z","level":"INFO","fields":{"message":"Request Success: s3::get_range api call succeeded (request id 01M1PJJJVX089WWRC0907R2D55)."},"filename":"/Users/runner/work/xet-core/xet-core/xet_client/src/cas_client/retry_wrapper.rs","line_number":237}
{"timestamp":"2026-09-04T16:03:37.995493Z","level":"INFO","fields":{"message":"Received CAS response","request_id":"01M1PJJJW2VNY40K0ZM92S0STE","status_code":206},"filename":"/Users/runner/work/xet-core/xet-core/xet_client/src/common/http_client.rs","line_number":288}
{"timestamp":"2026-09-04T16:03:37.995517Z","level":"INFO","fields":{"message":"Request Success: s3::get_range api call succeeded (request id 01M1PJJJW2VNY40K0ZM92S0STE)."},"filename":"/Users/runner/work/xet-core/xet-core/xet_client/src/cas_client/retry_wrapper.rs","line_number":237}
{"timestamp":"2026-09-04T16:03:38.034594Z","level":"INFO","fields":{"message":"Received CAS response","request_id":"01M1PJJJW2Z7MQSJMYM5FFDX8X","status_code":206},"filename":"/Users/runner/work/xet-core/xet-core/xet_client/src/common/http_client.rs","line_number":288}
{"timestamp":"2026-09-04T16:03:38.034649Z","level":"INFO","fields":{"message":"Request Success: s3::get_range api call succeeded (request id 01M1PJJJW2Z7MQSJMYM5FFDX8X)."},"filename":"/Users/runner/work/xet-core/xet-core/xet_client/src/cas_client/retry_wrapper.rs","line_number":237}
{"timestamp":"2026-09-04T16:03:38.071852Z","level":"INFO","fields":{"message":"Received CAS response","request_id":"01M1PJJJW3RSC2JFY6AVBAY2VG","status_code":206},"filename":"/Users/runner/work/xet-core/xet-core/xet_client/src/common/http_client.rs","line_number":288}
{"timestamp":"2026-09-04T16:03:38.071881Z","level":"INFO","fields":{"message":"Request Success: s3::get_range api call succeeded (request id 01M1PJJJW3RSC2JFY6AVBAY2VG)."},"filename":"/Users/runner/work/xet-core/xet-core/xet_client/src/cas_client/retry_wrapper.rs","line_number":237}
{"timestamp":"2026-09-04T16:03:38.613347Z","level":"INFO","fields":{"message":"Retry strategy","retry":"RetryWrapper { max_attempts: 5, base_delay: 3s, max_duration: 360s, no_retry_on_429: false, retry_on_403: true, expected_416: false, expected_404: false, log_errors_as_info: false, api_tag: \"s3::get_range\", has_connection_permit: true }"},"filename":"/Users/runner/work/xet-core/xet-core/xet_client/src/cas_client/retry_wrapper.rs","line_number":274}
{"timestamp":"2026-09-04T16:03:38.754409Z","level":"INFO","fields":{"message":"Received CAS response","request_id":"01M1PJJKHK2614G7SN9QQPPA7F","status_code":206},"filename":"/Users/runner/work/xet-core/xet-core/xet_client/src/common/http_client.rs","line_number":288}
{"timestamp":"2026-09-04T16:03:38.754464Z","level":"INFO","fields":{"message":"Request Success: s3::get_range api call succeeded (request id 01M1PJJKHK2614G7SN9QQPPA7F)."},"filename":"/Users/runner/work/xet-core/xet-core/xet_client/src/cas_client/retry_wrapper.rs","line_number":237}
{"timestamp":"2026-09-04T16:03:39.161805Z","level":"INFO","fields":{"message":"Retry strategy","retry":"RetryWrapper { max_attempts: 5, base_delay: 3s, max_duration: 360s, no_retry_on_429: false, retry_on_403: true, expected_416: false, expected_404: false, log_errors_as_info: false, api_tag: \"s3::get_range\", has_connection_permit: true }"},"filename":"/Users/runner/work/xet-core/xet-core/xet_client/src/cas_client/retry_wrapper.rs","line_number":274}
{"timestamp":"2026-09-04T16:03:39.229598Z","level":"INFO","fields":{"message":"Received CAS response","request_id":"01M1PJJM2M1J32VG5ATWE1KYBT","status_code":206},"filename":"/Users/runner/work/xet-core/xet-core/xet_client/src/common/http_client.rs","line_number":288}
{"timestamp":"2026-09-04T16:03:39.229640Z","level":"INFO","fields":{"message":"Request Success: s3::get_range api call succeeded (request id 01M1PJJM2M1J32VG5ATWE1KYBT)."},"filename":"/Users/runner/work/xet-core/xet-core/xet_client/src/cas_client/retry_wrapper.rs","line_number":237}
{"timestamp":"2026-09-04T16:03:39.846298Z","level":"INFO","fields":{"message":"Retry strategy","retry":"RetryWrapper { max_attempts: 5, base_delay: 3s, max_duration: 360s, no_retry_on_429: false, retry_on_403: true, expected_416: false, expected_404: false, log_errors_as_info: false, api_tag: \"s3::get_range\", has_connection_permit: true }"},"filename":"/Users/runner/work/xet-core/xet-core/xet_client/src/cas_client/retry_wrapper.rs","line_number":274}
{"timestamp":"2026-09-04T16:03:39.915331Z","level":"INFO","fields":{"message":"Received CAS response","request_id":"01M1PJJMQZ9ZFY3QD44QQRBZKM","status_code":206},"filename":"/Users/runner/work/xet-core/xet-core/xet_client/src/common/http_client.rs","line_number":288}
{"timestamp":"2026-09-04T16:03:39.915381Z","level":"INFO","fields":{"message":"Request Success: s3::get_range api call succeeded (request id 01M1PJJMQZ9ZFY3QD44QQRBZKM)."},"filename":"/Users/runner/work/xet-core/xet-core/xet_client/src/cas_client/retry_wrapper.rs","line_number":237}
{"timestamp":"2026-09-04T16:03:40.316213Z","level":"INFO","fields":{"message":"Retry strategy","retry":"RetryWrapper { max_attempts: 5, base_delay: 3s, max_duration: 360s, no_retry_on_429: false, retry_on_403: true, expected_416: false, expected_404: false, log_errors_as_info: false, api_tag: \"s3::get_range\", has_connection_permit: true }"},"filename":"/Users/runner/work/xet-core/xet-core/xet_client/src/cas_client/retry_wrapper.rs","line_number":274}
{"timestamp":"2026-09-04T16:03:40.388506Z","level":"INFO","fields":{"message":"Received CAS response","request_id":"01M1PJJN72E8YSKSKD86CP5W5D","status_code":206},"filename":"/Users/runner/work/xet-core/xet-core/xet_client/src/common/http_client.rs","line_number":288}
{"timestamp":"2026-09-04T16:03:40.388555Z","level":"INFO","fields":{"message":"Request Success: s3::get_range api call succeeded (request id 01M1PJJN72E8YSKSKD86CP5W5D)."},"filename":"/Users/runner/work/xet-core/xet-core/xet_client/src/cas_client/retry_wrapper.rs","line_number":237}
{"timestamp":"2026-09-04T16:03:40.581142Z","level":"INFO","fields":{"message":"Retry strategy","retry":"RetryWrapper { max_attempts: 5, base_delay: 3s, max_duration: 360s, no_retry_on_429: false, retry_on_403: true, expected_416: false, expected_404: false, log_errors_as_info: false, api_tag: \"s3::get_range\", has_connection_permit: true }"},"filename":"/Users/runner/work/xet-core/xet-core/xet_client/src/cas_client/retry_wrapper.rs","line_number":274}
{"timestamp":"2026-09-04T16:03:40.727184Z","level":"INFO","fields":{"message":"Received CAS response","request_id":"01M1PJJNEY3TK69S6DNJKNDXTP","status_code":206},"filename":"/Users/runner/work/xet-core/xet-core/xet_client/src/common/http_client.rs","line_number":288}
{"timestamp":"2026-09-04T16:03:40.727240Z","level":"INFO","fields":{"message":"Request Success: s3::get_range api call succeeded (request id 01M1PJJNEY3TK69S6DNJKNDXTP)."},"filename":"/Users/runner/work/xet-core/xet-core/xet_client/src/cas_client/retry_wrapper.rs","line_number":237}
{"timestamp":"2026-09-04T16:03:40.873640Z","level":"INFO","fields":{"message":"Retry strategy","retry":"RetryWrapper { max_attempts: 5, base_delay: 3s, max_duration: 360s, no_retry_on_429: false, retry_on_403: true, expected_416: false, expected_404: false, log_errors_as_info: false, api_tag: \"s3::get_range\", has_connection_permit: true }"},"filename":"/Users/runner/work/xet-core/xet-core/xet_client/src/cas_client/retry_wrapper.rs","line_number":274}
{"timestamp":"2026-09-04T16:03:40.953618Z","level":"INFO","fields":{"message":"Received CAS response","request_id":"01M1PJJNRTR1RFKXT9014TGGWF","status_code":206},"filename":"/Users/runner/work/xet-core/xet-core/xet_client/src/common/http_client.rs","line_number":288}
{"timestamp":"2026-09-04T16:03:40.953651Z","level":"INFO","fields":{"message":"Request Success: s3::get_range api call succeeded (request id 01M1PJJNRTR1RFKXT9014TGGWF)."},"filename":"/Users/runner/work/xet-core/xet-core/xet_client/src/cas_client/retry_wrapper.rs","line_number":237}
{"timestamp":"2026-09-04T16:03:41.021239Z","level":"INFO","fields":{"message":"Retry strategy","retry":"RetryWrapper { max_attempts: 5, base_delay: 3s, max_duration: 360s, no_retry_on_429: false, retry_on_403: true, expected_416: false, expected_404: false, log_errors_as_info: false, api_tag: \"s3::get_range\", has_connection_permit: true }"},"filename":"/Users/runner/work/xet-core/xet-core/xet_client/src/cas_client/retry_wrapper.rs","line_number":274}
{"timestamp":"2026-09-04T16:03:41.085034Z","level":"INFO","fields":{"message":"Received CAS response","request_id":"01M1PJJNX2QTEGD2NNECMYPXTM","status_code":206},"filename":"/Users/runner/work/xet-core/xet-core/xet_client/src/common/http_client.rs","line_number":288}
{"timestamp":"2026-09-04T16:03:41.085047Z","level":"INFO","fields":{"message":"Request Success: s3::get_range api call succeeded (request id 01M1PJJNX2QTEGD2NNECMYPXTM)."},"filename":"/Users/runner/work/xet-core/xet-core/xet_client/src/cas_client/retry_wrapper.rs","line_number":237}
{"timestamp":"2026-09-04T16:03:41.325426Z","level":"INFO","fields":{"message":"Retry strategy","retry":"RetryWrapper { max_attempts: 5, base_delay: 3s, max_duration: 360s, no_retry_on_429: false, retry_on_403: true, expected_416: false, expected_404: false, log_errors_as_info: false, api_tag: \"s3::get_range\", has_connection_permit: true }"},"filename":"/Users/runner/work/xet-core/xet-core/xet_client/src/cas_client/retry_wrapper.rs","line_number":274}
{"timestamp":"2026-09-04T16:03:41.365559Z","level":"INFO","fields":{"message":"Retry strategy","retry":"RetryWrapper { max_attempts: 5, base_delay: 3s, max_duration: 360s, no_retry_on_429: false, retry_on_403: true, expected_416: false, expected_404: false, log_errors_as_info: false, api_tag: \"s3::get_range\", has_connection_permit: true }"},"filename":"/Users/runner/work/xet-core/xet-core/xet_client/src/cas_client/retry_wrapper.rs","line_number":274}
{"timestamp":"2026-09-04T16:03:41.389407Z","level":"INFO","fields":{"message":"Received CAS response","request_id":"01M1PJJP6KDBV1MPDWM4MF4SV5","status_code":206},"filename":"/Users/runner/work/xet-core/xet-core/xet_client/src/common/http_client.rs","line_number":288}
{"timestamp":"2026-09-04T16:03:41.389452Z","level":"INFO","fields":{"message":"Request Success: s3::get_range api call succeeded (request id 01M1PJJP6KDBV1MPDWM4MF4SV5)."},"filename":"/Users/runner/work/xet-core/xet-core/xet_client/src/cas_client/retry_wrapper.rs","line_number":237}
{"timestamp":"2026-09-04T16:03:41.444562Z","level":"INFO","fields":{"message":"Received CAS response","request_id":"01M1PJJP7C281BVE75H9815K8S","status_code":206},"filename":"/Users/runner/work/xet-core/xet-core/xet_client/src/common/http_client.rs","line_number":288}
{"timestamp":"2026-09-04T16:03:41.444600Z","level":"INFO","fields":{"message":"Request Success: s3::get_range api call succeeded (request id 01M1PJJP7C281BVE75H9815K8S)."},"filename":"/Users/runner/work/xet-core/xet-core/xet_client/src/cas_client/retry_wrapper.rs","line_number":237}
{"timestamp":"2026-09-04T16:03:41.631609Z","level":"INFO","fields":{"message":"Retry strategy","retry":"RetryWrapper { max_attempts: 5, base_delay: 3s, max_duration: 360s, no_retry_on_429: false, retry_on_403: true, expected_416: false, expected_404: false, log_errors_as_info: false, api_tag: \"s3::get_range\", has_connection_permit: true }"},"filename":"/Users/runner/work/xet-core/xet-core/xet_client/src/cas_client/retry_wrapper.rs","line_number":274}
{"timestamp":"2026-09-04T16:03:41.843246Z","level":"INFO","fields":{"message":"Received CAS response","request_id":"01M1PJJPFQHJREX5X7J73G696D","status_code":206},"filename":"/Users/runner/work/xet-core/xet-core/xet_client/src/common/http_client.rs","line_number":288}
{"timestamp":"2026-09-04T16:03:41.843292Z","level":"INFO","fields":{"message":"Request Success: s3::get_range api call succeeded (request id 01M1PJJPFQHJREX5X7J73G696D)."},"filename":"/Users/runner/work/xet-core/xet-core/xet_client/src/cas_client/retry_wrapper.rs","line_number":237}
{"timestamp":"2026-09-04T16:03:41.928087Z","level":"INFO","fields":{"message":"Retry strategy","retry":"RetryWrapper { max_attempts: 5, base_delay: 3s, max_duration: 360s, no_retry_on_429: false, retry_on_403: true, expected_416: false, expected_404: false, log_errors_as_info: false, api_tag: \"s3::get_range\", has_connection_permit: true }"},"filename":"/Users/runner/work/xet-core/xet-core/xet_client/src/cas_client/retry_wrapper.rs","line_number":274}
{"timestamp":"2026-09-04T16:03:42.043098Z","level":"INFO","fields":{"message":"Concurrency control for download: Increased concurrency from 4 to 5; reason: success ratio 1.000 is above threshold 0.800 and predicted RTT for 1MB at new concurrency is 2.12s < target 60.0s"},"filename":"/Users/runner/work/xet-core/xet-core/xet_client/src/cas_client/adaptive_concurrency/controller.rs","line_number":548}
{"timestamp":"2026-09-04T16:03:42.043203Z","level":"INFO","fields":{"message":"Retry strategy","retry":"RetryWrapper { max_attempts: 5, base_delay: 3s, max_duration: 360s, no_retry_on_429: false, retry_on_403: true, expected_416: false, expected_404: false, log_errors_as_info: false, api_tag: \"s3::get_range\", has_connection_permit: true }"},"filename":"/Users/runner/work/xet-core/xet-core/xet_client/src/cas_client/retry_wrapper.rs","line_number":274}
{"timestamp":"2026-09-04T16:03:42.043205Z","level":"INFO","fields":{"message":"Retry strategy","retry":"RetryWrapper { max_attempts: 5, base_delay: 3s, max_duration: 360s, no_retry_on_429: false, retry_on_403: true, expected_416: false, expected_404: false, log_errors_as_info: false, api_tag: \"s3::get_range\", has_connection_permit: true }"},"filename":"/Users/runner/work/xet-core/xet-core/xet_client/src/cas_client/retry_wrapper.rs","line_number":274}
{"timestamp":"2026-09-04T16:03:42.071349Z","level":"INFO","fields":{"message":"Received CAS response","request_id":"01M1PJJPRZA66MQ0JDPXQZHWD0","status_code":206},"filename":"/Users/runner/work/xet-core/xet-core/xet_client/src/common/http_client.rs","line_number":288}
{"timestamp":"2026-09-04T16:03:42.071395Z","level":"INFO","fields":{"message":"Request Success: s3::get_range api call succeeded (request id 01M1PJJPRZA66MQ0JDPXQZHWD0)."},"filename":"/Users/runner/work/xet-core/xet-core/xet_client/src/cas_client/retry_wrapper.rs","line_number":237}
{"timestamp":"2026-09-04T16:03:42.231665Z","level":"INFO","fields":{"message":"Received CAS response","request_id":"01M1PJJPWTDB21FH5CEABR6C8Z","status_code":206},"filename":"/Users/runner/work/xet-core/xet-core/xet_client/src/common/http_client.rs","line_number":288}
{"timestamp":"2026-09-04T16:03:42.231707Z","level":"INFO","fields":{"message":"Request Success: s3::get_range api call succeeded (request id 01M1PJJPWTDB21FH5CEABR6C8Z)."},"filename":"/Users/runner/work/xet-core/xet-core/xet_client/src/cas_client/retry_wrapper.rs","line_number":237}
{"timestamp":"2026-09-04T16:03:42.318212Z","level":"INFO","fields":{"message":"Received CAS response","request_id":"01M1PJJQ1E65D6KF0TRP75C2W8","status_code":206},"filename":"/Users/runner/work/xet-core/xet-core/xet_client/src/common/http_client.rs","line_number":288}
{"timestamp":"2026-09-04T16:03:42.318274Z","level":"INFO","fields":{"message":"Request Success: s3::get_range api call succeeded (request id 01M1PJJQ1E65D6KF0TRP75C2W8)."},"filename":"/Users/runner/work/xet-core/xet-core/xet_client/src/cas_client/retry_wrapper.rs","line_number":237}
{"timestamp":"2026-09-04T16:03:42.507271Z","level":"INFO","fields":{"message":"Retry strategy","retry":"RetryWrapper { max_attempts: 5, base_delay: 3s, max_duration: 360s, no_retry_on_429: false, retry_on_403: true, expected_416: false, expected_404: false, log_errors_as_info: false, api_tag: \"s3::get_range\", has_connection_permit: true }"},"filename":"/Users/runner/work/xet-core/xet-core/xet_client/src/cas_client/retry_wrapper.rs","line_number":274}
{"timestamp":"2026-09-04T16:03:42.564100Z","level":"INFO","fields":{"message":"Concurrency control for download: Increased concurrency from 5 to 6; reason: success ratio 1.000 is above threshold 0.800 and predicted RTT for 1MB at new concurrency is 2.47s < target 60.0s"},"filename":"/Users/runner/work/xet-core/xet-core/xet_client/src/cas_client/adaptive_concurrency/controller.rs","line_number":548}
{"timestamp":"2026-09-04T16:03:42.564179Z","level":"INFO","fields":{"message":"Retry strategy","retry":"RetryWrapper { max_attempts: 5, base_delay: 3s, max_duration: 360s, no_retry_on_429: false, retry_on_403: true, expected_416: false, expected_404: false, log_errors_as_info: false, api_tag: \"s3::get_range\", has_connection_permit: true }"},"filename":"/Users/runner/work/xet-core/xet-core/xet_client/src/cas_client/retry_wrapper.rs","line_number":274}
{"timestamp":"2026-09-04T16:03:42.658666Z","level":"INFO","fields":{"message":"Retry strategy","retry":"RetryWrapper { max_attempts: 5, base_delay: 3s, max_duration: 360s, no_retry_on_429: false, retry_on_403: true, expected_416: false, expected_404: false, log_errors_as_info: false, api_tag: \"s3::get_range\", has_connection_permit: true }"},"filename":"/Users/runner/work/xet-core/xet-core/xet_client/src/cas_client/retry_wrapper.rs","line_number":274}
{"timestamp":"2026-09-04T16:03:42.703501Z","level":"INFO","fields":{"message":"Received CAS response","request_id":"01M1PJJQB7PJZNZJK9KH3NAMEC","status_code":206},"filename":"/Users/runner/work/xet-core/xet-core/xet_client/src/common/http_client.rs","line_number":288}
{"timestamp":"2026-09-04T16:03:42.703536Z","level":"INFO","fields":{"message":"Request Success: s3::get_range api call succeeded (request id 01M1PJJQB7PJZNZJK9KH3NAMEC)."},"filename":"/Users/runner/work/xet-core/xet-core/xet_client/src/cas_client/retry_wrapper.rs","line_number":237}
{"timestamp":"2026-09-04T16:03:42.822873Z","level":"INFO","fields":{"message":"Received CAS response","request_id":"01M1PJJQGH76EG5SQ7MNWJFWHS","status_code":206},"filename":"/Users/runner/work/xet-core/xet-core/xet_client/src/common/http_client.rs","line_number":288}
{"timestamp":"2026-09-04T16:03:42.822939Z","level":"INFO","fields":{"message":"Request Success: s3::get_range api call succeeded (request id 01M1PJJQGH76EG5SQ7MNWJFWHS)."},"filename":"/Users/runner/work/xet-core/xet-core/xet_client/src/cas_client/retry_wrapper.rs","line_number":237}
{"timestamp":"2026-09-04T16:03:42.938032Z","level":"INFO","fields":{"message":"Retry strategy","retry":"RetryWrapper { max_attempts: 5, base_delay: 3s, max_duration: 360s, no_retry_on_429: false, retry_on_403: true, expected_416: false, expected_404: false, log_errors_as_info: false, api_tag: \"s3::get_range\", has_connection_permit: true }"},"filename":"/Users/runner/work/xet-core/xet-core/xet_client/src/cas_client/retry_wrapper.rs","line_number":274}
{"timestamp":"2026-09-04T16:03:42.954137Z","level":"INFO","fields":{"message":"Received CAS response","request_id":"01M1PJJQP8DW5MZQSR8H1H6PGA","status_code":206},"filename":"/Users/runner/work/xet-core/xet-core/xet_client/src/common/http_client.rs","line_number":288}
{"timestamp":"2026-09-04T16:03:42.954169Z","level":"INFO","fields":{"message":"Request Success: s3::get_range api call succeeded (request id 01M1PJJQP8DW5MZQSR8H1H6PGA)."},"filename":"/Users/runner/work/xet-core/xet-core/xet_client/src/cas_client/retry_wrapper.rs","line_number":237}
{"timestamp":"2026-09-04T16:03:43.003118Z","level":"INFO","fields":{"message":"Received CAS response","request_id":"01M1PJJQRNZYH3B4M0T3VY9SMP","status_code":206},"filename":"/Users/runner/work/xet-core/xet-core/xet_client/src/common/http_client.rs","line_number":288}
{"timestamp":"2026-09-04T16:03:43.003168Z","level":"INFO","fields":{"message":"Request Success: s3::get_range api call succeeded (request id 01M1PJJQRNZYH3B4M0T3VY9SMP)."},"filename":"/Users/runner/work/xet-core/xet-core/xet_client/src/cas_client/retry_wrapper.rs","line_number":237}
{"timestamp":"2026-09-04T16:03:43.107848Z","level":"INFO","fields":{"message":"Concurrency control for download: Increased concurrency from 6 to 7; reason: success ratio 1.000 is above threshold 0.800 and predicted RTT for 1MB at new concurrency is 2.63s < target 60.0s"},"filename":"/Users/runner/work/xet-core/xet-core/xet_client/src/cas_client/adaptive_concurrency/controller.rs","line_number":548}
{"timestamp":"2026-09-04T16:03:43.107934Z","level":"INFO","fields":{"message":"Retry strategy","retry":"RetryWrapper { max_attempts: 5, base_delay: 3s, max_duration: 360s, no_retry_on_429: false, retry_on_403: true, expected_416: false, expected_404: false, log_errors_as_info: false, api_tag: \"s3::get_range\", has_connection_permit: true }"},"filename":"/Users/runner/work/xet-core/xet-core/xet_client/src/cas_client/retry_wrapper.rs","line_number":274}
{"timestamp":"2026-09-04T16:03:43.198052Z","level":"INFO","fields":{"message":"Retry strategy","retry":"RetryWrapper { max_attempts: 5, base_delay: 3s, max_duration: 360s, no_retry_on_429: false, retry_on_403: true, expected_416: false, expected_404: false, log_errors_as_info: false, api_tag: \"s3::get_range\", has_connection_permit: true }"},"filename":"/Users/runner/work/xet-core/xet-core/xet_client/src/cas_client/retry_wrapper.rs","line_number":274}
{"timestamp":"2026-09-04T16:03:43.258129Z","level":"INFO","fields":{"message":"Retry strategy","retry":"RetryWrapper { max_attempts: 5, base_delay: 3s, max_duration: 360s, no_retry_on_429: false, retry_on_403: true, expected_416: false, expected_404: false, log_errors_as_info: false, api_tag: \"s3::get_range\", has_connection_permit: true }"},"filename":"/Users/runner/work/xet-core/xet-core/xet_client/src/cas_client/retry_wrapper.rs","line_number":274}
{"timestamp":"2026-09-04T16:03:43.284994Z","level":"INFO","fields":{"message":"Received CAS response","request_id":"01M1PJJQY3VDDC2JV55581BKHM","status_code":206},"filename":"/Users/runner/work/xet-core/xet-core/xet_client/src/common/http_client.rs","line_number":288}
{"timestamp":"2026-09-04T16:03:43.285031Z","level":"INFO","fields":{"message":"Request Success: s3::get_range api call succeeded (request id 01M1PJJQY3VDDC2JV55581BKHM)."},"filename":"/Users/runner/work/xet-core/xet-core/xet_client/src/cas_client/retry_wrapper.rs","line_number":237}
{"timestamp":"2026-09-04T16:03:43.433990Z","level":"INFO","fields":{"message":"Received CAS response","request_id":"01M1PJJR2X7PJ6D3THCWFJF2CC","status_code":206},"filename":"/Users/runner/work/xet-core/xet-core/xet_client/src/common/http_client.rs","line_number":288}
{"timestamp":"2026-09-04T16:03:43.434047Z","level":"INFO","fields":{"message":"Request Success: s3::get_range api call succeeded (request id 01M1PJJR2X7PJ6D3THCWFJF2CC)."},"filename":"/Users/runner/work/xet-core/xet-core/xet_client/src/cas_client/retry_wrapper.rs","line_number":237}
{"timestamp":"2026-09-04T16:03:43.436761Z","level":"INFO","fields":{"message":"Received CAS response","request_id":"01M1PJJR13K1BE7K61CX797DZD","status_code":206},"filename":"/Users/runner/work/xet-core/xet-core/xet_client/src/common/http_client.rs","line_number":288}
{"timestamp":"2026-09-04T16:03:43.436779Z","level":"INFO","fields":{"message":"Request Success: s3::get_range api call succeeded (request id 01M1PJJR13K1BE7K61CX797DZD)."},"filename":"/Users/runner/work/xet-core/xet-core/xet_client/src/cas_client/retry_wrapper.rs","line_number":237}
{"timestamp":"2026-09-04T16:03:43.634859Z","level":"INFO","fields":{"message":"Concurrency control for download: Increased concurrency from 7 to 8; reason: success ratio 1.000 is above threshold 0.800 and predicted RTT for 1MB at new concurrency is 2.75s < target 60.0s"},"filename":"/Users/runner/work/xet-core/xet-core/xet_client/src/cas_client/adaptive_concurrency/controller.rs","line_number":548}
{"timestamp":"2026-09-04T16:03:43.634936Z","level":"INFO","fields":{"message":"Retry strategy","retry":"RetryWrapper { max_attempts: 5, base_delay: 3s, max_duration: 360s, no_retry_on_429: false, retry_on_403: true, expected_416: false, expected_404: false, log_errors_as_info: false, api_tag: \"s3::get_range\", has_connection_permit: true }"},"filename":"/Users/runner/work/xet-core/xet-core/xet_client/src/cas_client/retry_wrapper.rs","line_number":274}
{"timestamp":"2026-09-04T16:03:43.676919Z","level":"INFO","fields":{"message":"Retry strategy","retry":"RetryWrapper { max_attempts: 5, base_delay: 3s, max_duration: 360s, no_retry_on_429: false, retry_on_403: true, expected_416: false, expected_404: false, log_errors_as_info: false, api_tag: \"s3::get_range\", has_connection_permit: true }"},"filename":"/Users/runner/work/xet-core/xet-core/xet_client/src/cas_client/retry_wrapper.rs","line_number":274}
{"timestamp":"2026-09-04T16:03:43.771798Z","level":"INFO","fields":{"message":"Received CAS response","request_id":"01M1PJJRFWYTZ2D2XRF45A01W6","status_code":206},"filename":"/Users/runner/work/xet-core/xet-core/xet_client/src/common/http_client.rs","line_number":288}
{"timestamp":"2026-09-04T16:03:43.771854Z","level":"INFO","fields":{"message":"Request Success: s3::get_range api call succeeded (request id 01M1PJJRFWYTZ2D2XRF45A01W6)."},"filename":"/Users/runner/work/xet-core/xet-core/xet_client/src/cas_client/retry_wrapper.rs","line_number":237}
{"timestamp":"2026-09-04T16:03:43.820356Z","level":"INFO","fields":{"message":"Retry strategy","retry":"RetryWrapper { max_attempts: 5, base_delay: 3s, max_duration: 360s, no_retry_on_429: false, retry_on_403: true, expected_416: false, expected_404: false, log_errors_as_info: false, api_tag: \"s3::get_range\", has_connection_permit: true }"},"filename":"/Users/runner/work/xet-core/xet-core/xet_client/src/cas_client/retry_wrapper.rs","line_number":274}
{"timestamp":"2026-09-04T16:03:43.955489Z","level":"INFO","fields":{"message":"Received CAS response","request_id":"01M1PJJRMDBJFA4XPBHSZ5YY8R","status_code":206},"filename":"/Users/runner/work/xet-core/xet-core/xet_client/src/common/http_client.rs","line_number":288}
{"timestamp":"2026-09-04T16:03:43.955533Z","level":"INFO","fields":{"message":"Request Success: s3::get_range api call succeeded (request id 01M1PJJRMDBJFA4XPBHSZ5YY8R)."},"filename":"/Users/runner/work/xet-core/xet-core/xet_client/src/cas_client/retry_wrapper.rs","line_number":237}
{"timestamp":"2026-09-04T16:03:44.031315Z","level":"INFO","fields":{"message":"Received CAS response","request_id":"01M1PJJRME0Q4Z4D61ZH92D1Q9","status_code":206},"filename":"/Users/runner/work/xet-core/xet-core/xet_client/src/common/http_client.rs","line_number":288}
{"timestamp":"2026-09-04T16:03:44.031378Z","level":"INFO","fields":{"message":"Request Success: s3::get_range api call succeeded (request id 01M1PJJRME0Q4Z4D61ZH92D1Q9)."},"filename":"/Users/runner/work/xet-core/xet-core/xet_client/src/cas_client/retry_wrapper.rs","line_number":237}
{"timestamp":"2026-09-04T16:03:44.047195Z","level":"INFO","fields":{"message":"Retry strategy","retry":"RetryWrapper { max_attempts: 5, base_delay: 3s, max_duration: 360s, no_retry_on_429: false, retry_on_403: true, expected_416: false, expected_404: false, log_errors_as_info: false, api_tag: \"s3::get_range\", has_connection_permit: true }"},"filename":"/Users/runner/work/xet-core/xet-core/xet_client/src/cas_client/retry_wrapper.rs","line_number":274}
{"timestamp":"2026-09-04T16:03:44.140293Z","level":"INFO","fields":{"message":"Concurrency control for download: Increased concurrency from 8 to 9; reason: success ratio 1.000 is above threshold 0.800 and predicted RTT for 1MB at new concurrency is 1.80s < target 60.0s"},"filename":"/Users/runner/work/xet-core/xet-core/xet_client/src/cas_client/adaptive_concurrency/controller.rs","line_number":548}
{"timestamp":"2026-09-04T16:03:44.140377Z","level":"INFO","fields":{"message":"Retry strategy","retry":"RetryWrapper { max_attempts: 5, base_delay: 3s, max_duration: 360s, no_retry_on_429: false, retry_on_403: true, expected_416: false, expected_404: false, log_errors_as_info: false, api_tag: \"s3::get_range\", has_connection_permit: true }"},"filename":"/Users/runner/work/xet-core/xet-core/xet_client/src/cas_client/retry_wrapper.rs","line_number":274}
{"timestamp":"2026-09-04T16:03:44.140397Z","level":"INFO","fields":{"message":"Retry strategy","retry":"RetryWrapper { max_attempts: 5, base_delay: 3s, max_duration: 360s, no_retry_on_429: false, retry_on_403: true, expected_416: false, expected_404: false, log_errors_as_info: false, api_tag: \"s3::get_range\", has_connection_permit: true }"},"filename":"/Users/runner/work/xet-core/xet-core/xet_client/src/cas_client/retry_wrapper.rs","line_number":274}
{"timestamp":"2026-09-04T16:03:44.143814Z","level":"INFO","fields":{"message":"Retry strategy","retry":"RetryWrapper { max_attempts: 5, base_delay: 3s, max_duration: 360s, no_retry_on_429: false, retry_on_403: true, expected_416: false, expected_404: false, log_errors_as_info: false, api_tag: \"s3::get_range\", has_connection_permit: true }"},"filename":"/Users/runner/work/xet-core/xet-core/xet_client/src/cas_client/retry_wrapper.rs","line_number":274}
{"timestamp":"2026-09-04T16:03:44.164393Z","level":"INFO","fields":{"message":"Received CAS response","request_id":"01M1PJJRVQ96VV13FG956384FS","status_code":206},"filename":"/Users/runner/work/xet-core/xet-core/xet_client/src/common/http_client.rs","line_number":288}
{"timestamp":"2026-09-04T16:03:44.164428Z","level":"INFO","fields":{"message":"Request Success: s3::get_range api call succeeded (request id 01M1PJJRVQ96VV13FG956384FS)."},"filename":"/Users/runner/work/xet-core/xet-core/xet_client/src/cas_client/retry_wrapper.rs","line_number":237}
{"timestamp":"2026-09-04T16:03:44.258304Z","level":"INFO","fields":{"message":"Received CAS response","request_id":"01M1PJJRYQ8WWW2ZT4HM33S1SX","status_code":206},"filename":"/Users/runner/work/xet-core/xet-core/xet_client/src/common/http_client.rs","line_number":288}
{"timestamp":"2026-09-04T16:03:44.258358Z","level":"INFO","fields":{"message":"Request Success: s3::get_range api call succeeded (request id 01M1PJJRYQ8WWW2ZT4HM33S1SX)."},"filename":"/Users/runner/work/xet-core/xet-core/xet_client/src/cas_client/retry_wrapper.rs","line_number":237}
{"timestamp":"2026-09-04T16:03:44.264345Z","level":"INFO","fields":{"message":"Received CAS response","request_id":"01M1PJJRYP6Z117EHFCERKVCGK","status_code":206},"filename":"/Users/runner/work/xet-core/xet-core/xet_client/src/common/http_client.rs","line_number":288}
{"timestamp":"2026-09-04T16:03:44.264368Z","level":"INFO","fields":{"message":"Request Success: s3::get_range api call succeeded (request id 01M1PJJRYP6Z117EHFCERKVCGK)."},"filename":"/Users/runner/work/xet-core/xet-core/xet_client/src/cas_client/retry_wrapper.rs","line_number":237}
{"timestamp":"2026-09-04T16:03:44.403037Z","level":"INFO","fields":{"message":"Received CAS response","request_id":"01M1PJJRYSTRPFR1W80V0E9ZSG","status_code":206},"filename":"/Users/runner/work/xet-core/xet-core/xet_client/src/common/http_client.rs","line_number":288}
{"timestamp":"2026-09-04T16:03:44.403089Z","level":"INFO","fields":{"message":"Request Success: s3::get_range api call succeeded (request id 01M1PJJRYSTRPFR1W80V0E9ZSG)."},"filename":"/Users/runner/work/xet-core/xet-core/xet_client/src/cas_client/retry_wrapper.rs","line_number":237}
{"timestamp":"2026-09-04T16:03:44.606179Z","level":"INFO","fields":{"message":"Retry strategy","retry":"RetryWrapper { max_attempts: 5, base_delay: 3s, max_duration: 360s, no_retry_on_429: false, retry_on_403: true, expected_416: false, expected_404: false, log_errors_as_info: false, api_tag: \"s3::get_range\", has_connection_permit: true }"},"filename":"/Users/runner/work/xet-core/xet-core/xet_client/src/cas_client/retry_wrapper.rs","line_number":274}
{"timestamp":"2026-09-04T16:03:44.661116Z","level":"INFO","fields":{"message":"Concurrency control for download: Increased concurrency from 9 to 10; reason: success ratio 1.000 is above threshold 0.800 and predicted RTT for 1MB at new concurrency is 1.24s < target 60.0s"},"filename":"/Users/runner/work/xet-core/xet-core/xet_client/src/cas_client/adaptive_concurrency/controller.rs","line_number":548}
{"timestamp":"2026-09-04T16:03:44.661175Z","level":"INFO","fields":{"message":"Retry strategy","retry":"RetryWrapper { max_attempts: 5, base_delay: 3s, max_duration: 360s, no_retry_on_429: false, retry_on_403: true, expected_416: false, expected_404: false, log_errors_as_info: false, api_tag: \"s3::get_range\", has_connection_permit: true }"},"filename":"/Users/runner/work/xet-core/xet-core/xet_client/src/cas_client/retry_wrapper.rs","line_number":274}
{"timestamp":"2026-09-04T16:03:44.929597Z","level":"INFO","fields":{"message":"Received CAS response","request_id":"01M1PJJSDE76QDG70EP23A101M","status_code":206},"filename":"/Users/runner/work/xet-core/xet-core/xet_client/src/common/http_client.rs","line_number":288}
{"timestamp":"2026-09-04T16:03:44.929639Z","level":"INFO","fields":{"message":"Request Success: s3::get_range api call succeeded (request id 01M1PJJSDE76QDG70EP23A101M)."},"filename":"/Users/runner/work/xet-core/xet-core/xet_client/src/cas_client/retry_wrapper.rs","line_number":237}
{"timestamp":"2026-09-04T16:03:45.183199Z","level":"INFO","fields":{"message":"Concurrency control for download: Increased concurrency from 10 to 11; reason: success ratio 1.000 is above threshold 0.800 and predicted RTT for 1MB at new concurrency is 1.32s < target 60.0s"},"filename":"/Users/runner/work/xet-core/xet-core/xet_client/src/cas_client/adaptive_concurrency/controller.rs","line_number":548}
{"timestamp":"2026-09-04T16:03:45.183278Z","level":"INFO","fields":{"message":"Retry strategy","retry":"RetryWrapper { max_attempts: 5, base_delay: 3s, max_duration: 360s, no_retry_on_429: false, retry_on_403: true, expected_416: false, expected_404: false, log_errors_as_info: false, api_tag: \"s3::get_range\", has_connection_permit: true }"},"filename":"/Users/runner/work/xet-core/xet-core/xet_client/src/cas_client/retry_wrapper.rs","line_number":274}
{"timestamp":"2026-09-04T16:03:45.280727Z","level":"INFO","fields":{"message":"Retry strategy","retry":"RetryWrapper { max_attempts: 5, base_delay: 3s, max_duration: 360s, no_retry_on_429: false, retry_on_403: true, expected_416: false, expected_404: false, log_errors_as_info: false, api_tag: \"s3::get_range\", has_connection_permit: true }"},"filename":"/Users/runner/work/xet-core/xet-core/xet_client/src/cas_client/retry_wrapper.rs","line_number":274}
{"timestamp":"2026-09-04T16:03:45.393734Z","level":"INFO","fields":{"message":"Received CAS response","request_id":"01M1PJJSY5G383MFA6VW9AHS2B","status_code":206},"filename":"/Users/runner/work/xet-core/xet-core/xet_client/src/common/http_client.rs","line_number":288}
{"timestamp":"2026-09-04T16:03:45.393786Z","level":"INFO","fields":{"message":"Request Success: s3::get_range api call succeeded (request id 01M1PJJSY5G383MFA6VW9AHS2B)."},"filename":"/Users/runner/work/xet-core/xet-core/xet_client/src/cas_client/retry_wrapper.rs","line_number":237}
{"timestamp":"2026-09-04T16:03:45.536338Z","level":"INFO","fields":{"message":"Received CAS response","request_id":"01M1PJJT24D21DX00JG1HBQMRQ","status_code":206},"filename":"/Users/runner/work/xet-core/xet-core/xet_client/src/common/http_client.rs","line_number":288}
{"timestamp":"2026-09-04T16:03:45.536396Z","level":"INFO","fields":{"message":"Request Success: s3::get_range api call succeeded (request id 01M1PJJT24D21DX00JG1HBQMRQ)."},"filename":"/Users/runner/work/xet-core/xet-core/xet_client/src/cas_client/retry_wrapper.rs","line_number":237}
{"timestamp":"2026-09-04T16:03:45.648875Z","level":"INFO","fields":{"message":"Retry strategy","retry":"RetryWrapper { max_attempts: 5, base_delay: 3s, max_duration: 360s, no_retry_on_429: false, retry_on_403: true, expected_416: false, expected_404: false, log_errors_as_info: false, api_tag: \"s3::get_range\", has_connection_permit: true }"},"filename":"/Users/runner/work/xet-core/xet-core/xet_client/src/cas_client/retry_wrapper.rs","line_number":274}
{"timestamp":"2026-09-04T16:03:45.776785Z","level":"INFO","fields":{"message":"Concurrency control for download: Increased concurrency from 11 to 12; reason: success ratio 1.000 is above threshold 0.800 and predicted RTT for 2MB at new concurrency is 1.46s < target 60.0s"},"filename":"/Users/runner/work/xet-core/xet-core/xet_client/src/cas_client/adaptive_concurrency/controller.rs","line_number":548}
{"timestamp":"2026-09-04T16:03:45.776880Z","level":"INFO","fields":{"message":"Retry strategy","retry":"RetryWrapper { max_attempts: 5, base_delay: 3s, max_duration: 360s, no_retry_on_429: false, retry_on_403: true, expected_416: false, expected_404: false, log_errors_as_info: false, api_tag: \"s3::get_range\", has_connection_permit: true }"},"filename":"/Users/runner/work/xet-core/xet-core/xet_client/src/cas_client/retry_wrapper.rs","line_number":274}
{"timestamp":"2026-09-04T16:03:45.894538Z","level":"INFO","fields":{"message":"Received CAS response","request_id":"01M1PJJTABM1T8DCSJHKA9NYGW","status_code":206},"filename":"/Users/runner/work/xet-core/xet-core/xet_client/src/common/http_client.rs","line_number":288}
{"timestamp":"2026-09-04T16:03:45.894578Z","level":"INFO","fields":{"message":"Request Success: s3::get_range api call succeeded (request id 01M1PJJTABM1T8DCSJHKA9NYGW)."},"filename":"/Users/runner/work/xet-core/xet-core/xet_client/src/cas_client/retry_wrapper.rs","line_number":237}
{"timestamp":"2026-09-04T16:03:45.913463Z","level":"INFO","fields":{"message":"Retry strategy","retry":"RetryWrapper { max_attempts: 5, base_delay: 3s, max_duration: 360s, no_retry_on_429: false, retry_on_403: true, expected_416: false, expected_404: false, log_errors_as_info: false, api_tag: \"s3::get_range\", has_connection_permit: true }"},"filename":"/Users/runner/work/xet-core/xet-core/xet_client/src/cas_client/retry_wrapper.rs","line_number":274}
{"timestamp":"2026-09-04T16:03:45.952406Z","level":"INFO","fields":{"message":"Received CAS response","request_id":"01M1PJJTDFRG24CW76Z9R14PKV","status_code":206},"filename":"/Users/runner/work/xet-core/xet-core/xet_client/src/common/http_client.rs","line_number":288}
{"timestamp":"2026-09-04T16:03:45.952431Z","level":"INFO","fields":{"message":"Request Success: s3::get_range api call succeeded (request id 01M1PJJTDFRG24CW76Z9R14PKV)."},"filename":"/Users/runner/work/xet-core/xet-core/xet_client/src/cas_client/retry_wrapper.rs","line_number":237}
{"timestamp":"2026-09-04T16:03:46.109137Z","level":"INFO","fields":{"message":"Retry strategy","retry":"RetryWrapper { max_attempts: 5, base_delay: 3s, max_duration: 360s, no_retry_on_429: false, retry_on_403: true, expected_416: false, expected_404: false, log_errors_as_info: false, api_tag: \"s3::get_range\", has_connection_permit: true }"},"filename":"/Users/runner/work/xet-core/xet-core/xet_client/src/cas_client/retry_wrapper.rs","line_number":274}
{"timestamp":"2026-09-04T16:03:46.168454Z","level":"INFO","fields":{"message":"Received CAS response","request_id":"01M1PJJTHAF6B4VSDXFRK745E7","status_code":206},"filename":"/Users/runner/work/xet-core/xet-core/xet_client/src/common/http_client.rs","line_number":288}
{"timestamp":"2026-09-04T16:03:46.168489Z","level":"INFO","fields":{"message":"Request Success: s3::get_range api call succeeded (request id 01M1PJJTHAF6B4VSDXFRK745E7)."},"filename":"/Users/runner/work/xet-core/xet-core/xet_client/src/cas_client/retry_wrapper.rs","line_number":237}
{"timestamp":"2026-09-04T16:03:46.238598Z","level":"INFO","fields":{"message":"Received CAS response","request_id":"01M1PJJTNST6RPN6158X3G4TGZ","status_code":206},"filename":"/Users/runner/work/xet-core/xet-core/xet_client/src/common/http_client.rs","line_number":288}
{"timestamp":"2026-09-04T16:03:46.238645Z","level":"INFO","fields":{"message":"Request Success: s3::get_range api call succeeded (request id 01M1PJJTNST6RPN6158X3G4TGZ)."},"filename":"/Users/runner/work/xet-core/xet-core/xet_client/src/cas_client/retry_wrapper.rs","line_number":237}
{"timestamp":"2026-09-04T16:03:46.306288Z","level":"INFO","fields":{"message":"Concurrency control for download: Increased concurrency from 12 to 13; reason: success ratio 1.000 is above threshold 0.800 and predicted RTT for 2MB at new concurrency is 1.81s < target 60.0s"},"filename":"/Users/runner/work/xet-core/xet-core/xet_client/src/cas_client/adaptive_concurrency/controller.rs","line_number":548}
{"timestamp":"2026-09-04T16:03:46.306366Z","level":"INFO","fields":{"message":"Retry strategy","retry":"RetryWrapper { max_attempts: 5, base_delay: 3s, max_duration: 360s, no_retry_on_429: false, retry_on_403: true, expected_416: false, expected_404: false, log_errors_as_info: false, api_tag: \"s3::get_range\", has_connection_permit: true }"},"filename":"/Users/runner/work/xet-core/xet-core/xet_client/src/cas_client/retry_wrapper.rs","line_number":274}
{"timestamp":"2026-09-04T16:03:46.353242Z","level":"INFO","fields":{"message":"Retry strategy","retry":"RetryWrapper { max_attempts: 5, base_delay: 3s, max_duration: 360s, no_retry_on_429: false, retry_on_403: true, expected_416: false, expected_404: false, log_errors_as_info: false, api_tag: \"s3::get_range\", has_connection_permit: true }"},"filename":"/Users/runner/work/xet-core/xet-core/xet_client/src/cas_client/retry_wrapper.rs","line_number":274}
{"timestamp":"2026-09-04T16:03:46.404362Z","level":"INFO","fields":{"message":"Received CAS response","request_id":"01M1PJJTVNF3RCQ9KTSG9YZH34","status_code":206},"filename":"/Users/runner/work/xet-core/xet-core/xet_client/src/common/http_client.rs","line_number":288}
{"timestamp":"2026-09-04T16:03:46.404395Z","level":"INFO","fields":{"message":"Request Success: s3::get_range api call succeeded (request id 01M1PJJTVNF3RCQ9KTSG9YZH34)."},"filename":"/Users/runner/work/xet-core/xet-core/xet_client/src/cas_client/retry_wrapper.rs","line_number":237}
{"timestamp":"2026-09-04T16:03:46.517367Z","level":"INFO","fields":{"message":"Retry strategy","retry":"RetryWrapper { max_attempts: 5, base_delay: 3s, max_duration: 360s, no_retry_on_429: false, retry_on_403: true, expected_416: false, expected_404: false, log_errors_as_info: false, api_tag: \"s3::get_range\", has_connection_permit: true }"},"filename":"/Users/runner/work/xet-core/xet-core/xet_client/src/cas_client/retry_wrapper.rs","line_number":274}
{"timestamp":"2026-09-04T16:03:46.542082Z","level":"INFO","fields":{"message":"Concurrency control for download: Current concurrency = 13; predicted bandwidth = 10145971; success_ratio = 1.000; reference_size = 2.5MB; observed bytes sent so far = 63179179; completed transmissions = 29"},"filename":"/Users/runner/work/xet-core/xet-core/xet_client/src/cas_client/adaptive_concurrency/controller.rs","line_number":602}
{"timestamp":"2026-09-04T16:03:46.587263Z","level":"INFO","fields":{"message":"Received CAS response","request_id":"01M1PJJV3J1EQDJZ0GZPKWB2A2","status_code":206},"filename":"/Users/runner/work/xet-core/xet-core/xet_client/src/common/http_client.rs","line_number":288}
{"timestamp":"2026-09-04T16:03:46.587300Z","level":"INFO","fields":{"message":"Request Success: s3::get_range api call succeeded (request id 01M1PJJV3J1EQDJZ0GZPKWB2A2)."},"filename":"/Users/runner/work/xet-core/xet-core/xet_client/src/cas_client/retry_wrapper.rs","line_number":237}
{"timestamp":"2026-09-04T16:03:46.699290Z","level":"INFO","fields":{"message":"Received CAS response","request_id":"01M1PJJV8DE5P226C6VW6ASBW6","status_code":206},"filename":"/Users/runner/work/xet-core/xet-core/xet_client/src/common/http_client.rs","line_number":288}
{"timestamp":"2026-09-04T16:03:46.699315Z","level":"INFO","fields":{"message":"Request Success: s3::get_range api call succeeded (request id 01M1PJJV8DE5P226C6VW6ASBW6)."},"filename":"/Users/runner/work/xet-core/xet-core/xet_client/src/cas_client/retry_wrapper.rs","line_number":237}
{"timestamp":"2026-09-04T16:03:46.731412Z","level":"INFO","fields":{"message":"Retry strategy","retry":"RetryWrapper { max_attempts: 5, base_delay: 3s, max_duration: 360s, no_retry_on_429: false, retry_on_403: true, expected_416: false, expected_404: false, log_errors_as_info: false, api_tag: \"s3::get_range\", has_connection_permit: true }"},"filename":"/Users/runner/work/xet-core/xet-core/xet_client/src/cas_client/retry_wrapper.rs","line_number":274}
{"timestamp":"2026-09-04T16:03:46.831201Z","level":"INFO","fields":{"message":"Concurrency control for download: Increased concurrency from 13 to 14; reason: success ratio 1.000 is above threshold 0.800 and predicted RTT for 2MB at new concurrency is 1.80s < target 60.0s"},"filename":"/Users/runner/work/xet-core/xet-core/xet_client/src/cas_client/adaptive_concurrency/controller.rs","line_number":548}
{"timestamp":"2026-09-04T16:03:46.831269Z","level":"INFO","fields":{"message":"Retry strategy","retry":"RetryWrapper { max_attempts: 5, base_delay: 3s, max_duration: 360s, no_retry_on_429: false, retry_on_403: true, expected_416: false, expected_404: false, log_errors_as_info: false, api_tag: \"s3::get_range\", has_connection_permit: true }"},"filename":"/Users/runner/work/xet-core/xet-core/xet_client/src/cas_client/retry_wrapper.rs","line_number":274}
{"timestamp":"2026-09-04T16:03:46.881773Z","level":"INFO","fields":{"message":"Retry strategy","retry":"RetryWrapper { max_attempts: 5, base_delay: 3s, max_duration: 360s, no_retry_on_429: false, retry_on_403: true, expected_416: false, expected_404: false, log_errors_as_info: false, api_tag: \"s3::get_range\", has_connection_permit: true }"},"filename":"/Users/runner/work/xet-core/xet-core/xet_client/src/cas_client/retry_wrapper.rs","line_number":274}
{"timestamp":"2026-09-04T16:03:46.881773Z","level":"INFO","fields":{"message":"Retry strategy","retry":"RetryWrapper { max_attempts: 5, base_delay: 3s, max_duration: 360s, no_retry_on_429: false, retry_on_403: true, expected_416: false, expected_404: false, log_errors_as_info: false, api_tag: \"s3::get_range\", has_connection_permit: true }"},"filename":"/Users/runner/work/xet-core/xet-core/xet_client/src/cas_client/retry_wrapper.rs","line_number":274}
{"timestamp":"2026-09-04T16:03:46.909288Z","level":"INFO","fields":{"message":"Received CAS response","request_id":"01M1PJJVF13MC77BC71A0SS2JF","status_code":206},"filename":"/Users/runner/work/xet-core/xet-core/xet_client/src/common/http_client.rs","line_number":288}
{"timestamp":"2026-09-04T16:03:46.909328Z","level":"INFO","fields":{"message":"Request Success: s3::get_range api call succeeded (request id 01M1PJJVF13MC77BC71A0SS2JF)."},"filename":"/Users/runner/work/xet-core/xet-core/xet_client/src/cas_client/retry_wrapper.rs","line_number":237}
{"timestamp":"2026-09-04T16:03:46.938038Z","level":"INFO","fields":{"message":"Retry strategy","retry":"RetryWrapper { max_attempts: 5, base_delay: 3s, max_duration: 360s, no_retry_on_429: false, retry_on_403: true, expected_416: false, expected_404: false, log_errors_as_info: false, api_tag: \"s3::get_range\", has_connection_permit: true }"},"filename":"/Users/runner/work/xet-core/xet-core/xet_client/src/cas_client/retry_wrapper.rs","line_number":274}
{"timestamp":"2026-09-04T16:03:46.943731Z","level":"INFO","fields":{"message":"Received CAS response","request_id":"01M1PJJVE6RA7H8B6CJD80K24H","status_code":206},"filename":"/Users/runner/work/xet-core/xet-core/xet_client/src/common/http_client.rs","line_number":288}
{"timestamp":"2026-09-04T16:03:46.943767Z","level":"INFO","fields":{"message":"Request Success: s3::get_range api call succeeded (request id 01M1PJJVE6RA7H8B6CJD80K24H)."},"filename":"/Users/runner/work/xet-core/xet-core/xet_client/src/cas_client/retry_wrapper.rs","line_number":237}
{"timestamp":"2026-09-04T16:03:47.003258Z","level":"INFO","fields":{"message":"Received CAS response","request_id":"01M1PJJVJDNJG072D026JKRNS6","status_code":206},"filename":"/Users/runner/work/xet-core/xet-core/xet_client/src/common/http_client.rs","line_number":288}
{"timestamp":"2026-09-04T16:03:47.003292Z","level":"INFO","fields":{"message":"Request Success: s3::get_range api call succeeded (request id 01M1PJJVJDNJG072D026JKRNS6)."},"filename":"/Users/runner/work/xet-core/xet-core/xet_client/src/cas_client/retry_wrapper.rs","line_number":237}
{"timestamp":"2026-09-04T16:03:47.083479Z","level":"INFO","fields":{"message":"Received CAS response","request_id":"01M1PJJVNR4TT1VHB418SSPZFD","status_code":206},"filename":"/Users/runner/work/xet-core/xet-core/xet_client/src/common/http_client.rs","line_number":288}
{"timestamp":"2026-09-04T16:03:47.083528Z","level":"INFO","fields":{"message":"Request Success: s3::get_range api call succeeded (request id 01M1PJJVNR4TT1VHB418SSPZFD)."},"filename":"/Users/runner/work/xet-core/xet-core/xet_client/src/cas_client/retry_wrapper.rs","line_number":237}
{"timestamp":"2026-09-04T16:03:47.085420Z","level":"INFO","fields":{"message":"Received CAS response","request_id":"01M1PJJVM1WMPMB2GXDJ83B6KM","status_code":206},"filename":"/Users/runner/work/xet-core/xet-core/xet_client/src/common/http_client.rs","line_number":288}
{"timestamp":"2026-09-04T16:03:47.085436Z","level":"INFO","fields":{"message":"Request Success: s3::get_range api call succeeded (request id 01M1PJJVM1WMPMB2GXDJ83B6KM)."},"filename":"/Users/runner/work/xet-core/xet-core/xet_client/src/cas_client/retry_wrapper.rs","line_number":237}
{"timestamp":"2026-09-04T16:03:47.105533Z","level":"INFO","fields":{"message":"Received CAS response","request_id":"01M1PJJVKQBHR7HF8RNNB599TM","status_code":206},"filename":"/Users/runner/work/xet-core/xet-core/xet_client/src/common/http_client.rs","line_number":288}
{"timestamp":"2026-09-04T16:03:47.105559Z","level":"INFO","fields":{"message":"Request Success: s3::get_range api call succeeded (request id 01M1PJJVKQBHR7HF8RNNB599TM)."},"filename":"/Users/runner/work/xet-core/xet-core/xet_client/src/cas_client/retry_wrapper.rs","line_number":237}
{"timestamp":"2026-09-04T16:03:47.301207Z","level":"INFO","fields":{"message":"Retry strategy","retry":"RetryWrapper { max_attempts: 5, base_delay: 3s, max_duration: 360s, no_retry_on_429: false, retry_on_403: true, expected_416: false, expected_404: false, log_errors_as_info: false, api_tag: \"s3::get_range\", has_connection_permit: true }"},"filename":"/Users/runner/work/xet-core/xet-core/xet_client/src/cas_client/retry_wrapper.rs","line_number":274}
{"timestamp":"2026-09-04T16:03:47.307432Z","level":"INFO","fields":{"message":"Retry strategy","retry":"RetryWrapper { max_attempts: 5, base_delay: 3s, max_duration: 360s, no_retry_on_429: false, retry_on_403: true, expected_416: false, expected_404: false, log_errors_as_info: false, api_tag: \"s3::get_range\", has_connection_permit: true }"},"filename":"/Users/runner/work/xet-core/xet-core/xet_client/src/cas_client/retry_wrapper.rs","line_number":274}
{"timestamp":"2026-09-04T16:03:47.350371Z","level":"INFO","fields":{"message":"Concurrency control for download: Increased concurrency from 14 to 15; reason: success ratio 1.000 is above threshold 0.800 and predicted RTT for 3MB at new concurrency is 3.48s < target 60.0s"},"filename":"/Users/runner/work/xet-core/xet-core/xet_client/src/cas_client/adaptive_concurrency/controller.rs","line_number":548}
{"timestamp":"2026-09-04T16:03:47.350441Z","level":"INFO","fields":{"message":"Retry strategy","retry":"RetryWrapper { max_attempts: 5, base_delay: 3s, max_duration: 360s, no_retry_on_429: false, retry_on_403: true, expected_416: false, expected_404: false, log_errors_as_info: false, api_tag: \"s3::get_range\", has_connection_permit: true }"},"filename":"/Users/runner/work/xet-core/xet-core/xet_client/src/cas_client/retry_wrapper.rs","line_number":274}
{"timestamp":"2026-09-04T16:03:47.390496Z","level":"INFO","fields":{"message":"Retry strategy","retry":"RetryWrapper { max_attempts: 5, base_delay: 3s, max_duration: 360s, no_retry_on_429: false, retry_on_403: true, expected_416: false, expected_404: false, log_errors_as_info: false, api_tag: \"s3::get_range\", has_connection_permit: true }"},"filename":"/Users/runner/work/xet-core/xet-core/xet_client/src/cas_client/retry_wrapper.rs","line_number":274}
{"timestamp":"2026-09-04T16:03:47.430647Z","level":"INFO","fields":{"message":"Retry strategy","retry":"RetryWrapper { max_attempts: 5, base_delay: 3s, max_duration: 360s, no_retry_on_429: false, retry_on_403: true, expected_416: false, expected_404: false, log_errors_as_info: false, api_tag: \"s3::get_range\", has_connection_permit: true }"},"filename":"/Users/runner/work/xet-core/xet-core/xet_client/src/cas_client/retry_wrapper.rs","line_number":274}
{"timestamp":"2026-09-04T16:03:47.542288Z","level":"INFO","fields":{"message":"Retry strategy","retry":"RetryWrapper { max_attempts: 5, base_delay: 3s, max_duration: 360s, no_retry_on_429: false, retry_on_403: true, expected_416: false, expected_404: false, log_errors_as_info: false, api_tag: \"s3::get_range\", has_connection_permit: true }"},"filename":"/Users/runner/work/xet-core/xet-core/xet_client/src/cas_client/retry_wrapper.rs","line_number":274}
{"timestamp":"2026-09-04T16:03:47.590630Z","level":"INFO","fields":{"message":"Received CAS response","request_id":"01M1PJJW1VBCARE1CTVEN1ZP7P","status_code":206},"filename":"/Users/runner/work/xet-core/xet-core/xet_client/src/common/http_client.rs","line_number":288}
{"timestamp":"2026-09-04T16:03:47.590674Z","level":"INFO","fields":{"message":"Request Success: s3::get_range api call succeeded (request id 01M1PJJW1VBCARE1CTVEN1ZP7P)."},"filename":"/Users/runner/work/xet-core/xet-core/xet_client/src/cas_client/retry_wrapper.rs","line_number":237}
{"timestamp":"2026-09-04T16:03:47.607458Z","level":"INFO","fields":{"message":"Retry strategy","retry":"RetryWrapper { max_attempts: 5, base_delay: 3s, max_duration: 360s, no_retry_on_429: false, retry_on_403: true, expected_416: false, expected_404: false, log_errors_as_info: false, api_tag: \"s3::get_range\", has_connection_permit: true }"},"filename":"/Users/runner/work/xet-core/xet-core/xet_client/src/cas_client/retry_wrapper.rs","line_number":274}
{"timestamp":"2026-09-04T16:03:47.619923Z","level":"INFO","fields":{"message":"Received CAS response","request_id":"01M1PJJW17WFH2564TDMRMEQ68","status_code":206},"filename":"/Users/runner/work/xet-core/xet-core/xet_client/src/common/http_client.rs","line_number":288}
{"timestamp":"2026-09-04T16:03:47.619946Z","level":"INFO","fields":{"message":"Request Success: s3::get_range api call succeeded (request id 01M1PJJW17WFH2564TDMRMEQ68)."},"filename":"/Users/runner/work/xet-core/xet-core/xet_client/src/cas_client/retry_wrapper.rs","line_number":237}
{"timestamp":"2026-09-04T16:03:47.643123Z","level":"INFO","fields":{"message":"Received CAS response","request_id":"01M1PJJW3ZK53WZY7B2XH2H0N4","status_code":206},"filename":"/Users/runner/work/xet-core/xet-core/xet_client/src/common/http_client.rs","line_number":288}
{"timestamp":"2026-09-04T16:03:47.643159Z","level":"INFO","fields":{"message":"Request Success: s3::get_range api call succeeded (request id 01M1PJJW3ZK53WZY7B2XH2H0N4)."},"filename":"/Users/runner/work/xet-core/xet-core/xet_client/src/cas_client/retry_wrapper.rs","line_number":237}
{"timestamp":"2026-09-04T16:03:47.683313Z","level":"INFO","fields":{"message":"Received CAS response","request_id":"01M1PJJW2STBCKVE4PZ0SZ1JA0","status_code":206},"filename":"/Users/runner/work/xet-core/xet-core/xet_client/src/common/http_client.rs","line_number":288}
{"timestamp":"2026-09-04T16:03:47.683359Z","level":"INFO","fields":{"message":"Request Success: s3::get_range api call succeeded (request id 01M1PJJW2STBCKVE4PZ0SZ1JA0)."},"filename":"/Users/runner/work/xet-core/xet-core/xet_client/src/cas_client/retry_wrapper.rs","line_number":237}
{"timestamp":"2026-09-04T16:03:47.765959Z","level":"INFO","fields":{"message":"Received CAS response","request_id":"01M1PJJW5EMGT23FD1S7P4BHNH","status_code":206},"filename":"/Users/runner/work/xet-core/xet-core/xet_client/src/common/http_client.rs","line_number":288}
{"timestamp":"2026-09-04T16:03:47.766009Z","level":"INFO","fields":{"message":"Request Success: s3::get_range api call succeeded (request id 01M1PJJW5EMGT23FD1S7P4BHNH)."},"filename":"/Users/runner/work/xet-core/xet-core/xet_client/src/cas_client/retry_wrapper.rs","line_number":237}
{"timestamp":"2026-09-04T16:03:47.827314Z","level":"INFO","fields":{"message":"Received CAS response","request_id":"01M1PJJW8SMJXV5EHXEVZNBGKQ","status_code":206},"filename":"/Users/runner/work/xet-core/xet-core/xet_client/src/common/http_client.rs","line_number":288}
{"timestamp":"2026-09-04T16:03:47.827346Z","level":"INFO","fields":{"message":"Request Success: s3::get_range api call succeeded (request id 01M1PJJW8SMJXV5EHXEVZNBGKQ)."},"filename":"/Users/runner/work/xet-core/xet-core/xet_client/src/cas_client/retry_wrapper.rs","line_number":237}
{"timestamp":"2026-09-04T16:03:47.906005Z","level":"INFO","fields":{"message":"Concurrency control for download: Increased concurrency from 15 to 16; reason: success ratio 1.000 is above threshold 0.800 and predicted RTT for 3MB at new concurrency is 3.51s < target 60.0s"},"filename":"/Users/runner/work/xet-core/xet-core/xet_client/src/cas_client/adaptive_concurrency/controller.rs","line_number":548}
{"timestamp":"2026-09-04T16:03:47.906061Z","level":"INFO","fields":{"message":"Retry strategy","retry":"RetryWrapper { max_attempts: 5, base_delay: 3s, max_duration: 360s, no_retry_on_429: false, retry_on_403: true, expected_416: false, expected_404: false, log_errors_as_info: false, api_tag: \"s3::get_range\", has_connection_permit: true }"},"filename":"/Users/runner/work/xet-core/xet-core/xet_client/src/cas_client/retry_wrapper.rs","line_number":274}
{"timestamp":"2026-09-04T16:03:47.911107Z","level":"INFO","fields":{"message":"Received CAS response","request_id":"01M1PJJWAF5K8K3BZZGGKH1P09","status_code":206},"filename":"/Users/runner/work/xet-core/xet-core/xet_client/src/common/http_client.rs","line_number":288}
{"timestamp":"2026-09-04T16:03:47.911127Z","level":"INFO","fields":{"message":"Request Success: s3::get_range api call succeeded (request id 01M1PJJWAF5K8K3BZZGGKH1P09)."},"filename":"/Users/runner/work/xet-core/xet-core/xet_client/src/cas_client/retry_wrapper.rs","line_number":237}
{"timestamp":"2026-09-04T16:03:47.940803Z","level":"INFO","fields":{"message":"Retry strategy","retry":"RetryWrapper { max_attempts: 5, base_delay: 3s, max_duration: 360s, no_retry_on_429: false, retry_on_403: true, expected_416: false, expected_404: false, log_errors_as_info: false, api_tag: \"s3::get_range\", has_connection_permit: true }"},"filename":"/Users/runner/work/xet-core/xet-core/xet_client/src/cas_client/retry_wrapper.rs","line_number":274}
{"timestamp":"2026-09-04T16:03:48.156199Z","level":"INFO","fields":{"message":"Retry strategy","retry":"RetryWrapper { max_attempts: 5, base_delay: 3s, max_duration: 360s, no_retry_on_429: false, retry_on_403: true, expected_416: false, expected_404: false, log_errors_as_info: false, api_tag: \"s3::get_range\", has_connection_permit: true }"},"filename":"/Users/runner/work/xet-core/xet-core/xet_client/src/cas_client/retry_wrapper.rs","line_number":274}
{"timestamp":"2026-09-04T16:03:48.185846Z","level":"INFO","fields":{"message":"Received CAS response","request_id":"01M1PJJWN2WBKKFER31PJGB5QH","status_code":206},"filename":"/Users/runner/work/xet-core/xet-core/xet_client/src/common/http_client.rs","line_number":288}
{"timestamp":"2026-09-04T16:03:48.185890Z","level":"INFO","fields":{"message":"Request Success: s3::get_range api call succeeded (request id 01M1PJJWN2WBKKFER31PJGB5QH)."},"filename":"/Users/runner/work/xet-core/xet-core/xet_client/src/cas_client/retry_wrapper.rs","line_number":237}
{"timestamp":"2026-09-04T16:03:48.319153Z","level":"INFO","fields":{"message":"Retry strategy","retry":"RetryWrapper { max_attempts: 5, base_delay: 3s, max_duration: 360s, no_retry_on_429: false, retry_on_403: true, expected_416: false, expected_404: false, log_errors_as_info: false, api_tag: \"s3::get_range\", has_connection_permit: true }"},"filename":"/Users/runner/work/xet-core/xet-core/xet_client/src/cas_client/retry_wrapper.rs","line_number":274}
{"timestamp":"2026-09-04T16:03:48.413234Z","level":"INFO","fields":{"message":"Concurrency control for download: Increased concurrency from 16 to 17; reason: success ratio 1.000 is above threshold 0.800 and predicted RTT for 3MB at new concurrency is 2.49s < target 60.0s"},"filename":"/Users/runner/work/xet-core/xet-core/xet_client/src/cas_client/adaptive_concurrency/controller.rs","line_number":548}
{"timestamp":"2026-09-04T16:03:48.413289Z","level":"INFO","fields":{"message":"Retry strategy","retry":"RetryWrapper { max_attempts: 5, base_delay: 3s, max_duration: 360s, no_retry_on_429: false, retry_on_403: true, expected_416: false, expected_404: false, log_errors_as_info: false, api_tag: \"s3::get_range\", has_connection_permit: true }"},"filename":"/Users/runner/work/xet-core/xet-core/xet_client/src/cas_client/retry_wrapper.rs","line_number":274}
{"timestamp":"2026-09-04T16:03:48.536178Z","level":"INFO","fields":{"message":"Received CAS response","request_id":"01M1PJJWVWN611PSNGRM1676BR","status_code":206},"filename":"/Users/runner/work/xet-core/xet-core/xet_client/src/common/http_client.rs","line_number":288}
{"timestamp":"2026-09-04T16:03:48.536233Z","level":"INFO","fields":{"message":"Request Success: s3::get_range api call succeeded (request id 01M1PJJWVWN611PSNGRM1676BR)."},"filename":"/Users/runner/work/xet-core/xet-core/xet_client/src/cas_client/retry_wrapper.rs","line_number":237}
{"timestamp":"2026-09-04T16:03:48.741128Z","level":"INFO","fields":{"message":"Received CAS response","request_id":"01M1PJJX0V7HPAASK64F6SE250","status_code":206},"filename":"/Users/runner/work/xet-core/xet-core/xet_client/src/common/http_client.rs","line_number":288}
{"timestamp":"2026-09-04T16:03:48.741168Z","level":"INFO","fields":{"message":"Request Success: s3::get_range api call succeeded (request id 01M1PJJX0V7HPAASK64F6SE250)."},"filename":"/Users/runner/work/xet-core/xet-core/xet_client/src/cas_client/retry_wrapper.rs","line_number":237}
{"timestamp":"2026-09-04T16:03:48.879222Z","level":"INFO","fields":{"message":"Retry strategy","retry":"RetryWrapper { max_attempts: 5, base_delay: 3s, max_duration: 360s, no_retry_on_429: false, retry_on_403: true, expected_416: false, expected_404: false, log_errors_as_info: false, api_tag: \"s3::get_range\", has_connection_permit: true }"},"filename":"/Users/runner/work/xet-core/xet-core/xet_client/src/cas_client/retry_wrapper.rs","line_number":274}
{"timestamp":"2026-09-04T16:03:48.959703Z","level":"INFO","fields":{"message":"Received CAS response","request_id":"01M1PJJX80REW2Q2WX1M7YPYGJ","status_code":206},"filename":"/Users/runner/work/xet-core/xet-core/xet_client/src/common/http_client.rs","line_number":288}
{"timestamp":"2026-09-04T16:03:48.959754Z","level":"INFO","fields":{"message":"Request Success: s3::get_range api call succeeded (request id 01M1PJJX80REW2Q2WX1M7YPYGJ)."},"filename":"/Users/runner/work/xet-core/xet-core/xet_client/src/cas_client/retry_wrapper.rs","line_number":237}
{"timestamp":"2026-09-04T16:03:48.959811Z","level":"INFO","fields":{"message":"Concurrency control for download: Increased concurrency from 17 to 18; reason: success ratio 1.000 is above threshold 0.800 and predicted RTT for 3MB at new concurrency is 2.57s < target 60.0s"},"filename":"/Users/runner/work/xet-core/xet-core/xet_client/src/cas_client/adaptive_concurrency/controller.rs","line_number":548}
{"timestamp":"2026-09-04T16:03:48.959854Z","level":"INFO","fields":{"message":"Retry strategy","retry":"RetryWrapper { max_attempts: 5, base_delay: 3s, max_duration: 360s, no_retry_on_429: false, retry_on_403: true, expected_416: false, expected_404: false, log_errors_as_info: false, api_tag: \"s3::get_range\", has_connection_permit: true }"},"filename":"/Users/runner/work/xet-core/xet-core/xet_client/src/cas_client/retry_wrapper.rs","line_number":274}
{"timestamp":"2026-09-04T16:03:49.166826Z","level":"INFO","fields":{"message":"Retry strategy","retry":"RetryWrapper { max_attempts: 5, base_delay: 3s, max_duration: 360s, no_retry_on_429: false, retry_on_403: true, expected_416: false, expected_404: false, log_errors_as_info: false, api_tag: \"s3::get_range\", has_connection_permit: true }"},"filename":"/Users/runner/work/xet-core/xet-core/xet_client/src/cas_client/retry_wrapper.rs","line_number":274}
{"timestamp":"2026-09-04T16:03:49.178919Z","level":"INFO","fields":{"message":"Received CAS response","request_id":"01M1PJJXJFSDYPBP81ZDS1JQ8T","status_code":206},"filename":"/Users/runner/work/xet-core/xet-core/xet_client/src/common/http_client.rs","line_number":288}
{"timestamp":"2026-09-04T16:03:49.178954Z","level":"INFO","fields":{"message":"Request Success: s3::get_range api call succeeded (request id 01M1PJJXJFSDYPBP81ZDS1JQ8T)."},"filename":"/Users/runner/work/xet-core/xet-core/xet_client/src/cas_client/retry_wrapper.rs","line_number":237}
{"timestamp":"2026-09-04T16:03:49.258375Z","level":"INFO","fields":{"message":"Received CAS response","request_id":"01M1PJJXMVZ32FWC5YF6GQHVEJ","status_code":206},"filename":"/Users/runner/work/xet-core/xet-core/xet_client/src/common/http_client.rs","line_number":288}
{"timestamp":"2026-09-04T16:03:49.258420Z","level":"INFO","fields":{"message":"Request Success: s3::get_range api call succeeded (request id 01M1PJJXMVZ32FWC5YF6GQHVEJ)."},"filename":"/Users/runner/work/xet-core/xet-core/xet_client/src/cas_client/retry_wrapper.rs","line_number":237}
{"timestamp":"2026-09-04T16:03:49.375869Z","level":"INFO","fields":{"message":"Received CAS response","request_id":"01M1PJJXSB87M969FSKCV8BA06","status_code":206},"filename":"/Users/runner/work/xet-core/xet-core/xet_client/src/common/http_client.rs","line_number":288}
{"timestamp":"2026-09-04T16:03:49.375929Z","level":"INFO","fields":{"message":"Request Success: s3::get_range api call succeeded (request id 01M1PJJXSB87M969FSKCV8BA06)."},"filename":"/Users/runner/work/xet-core/xet-core/xet_client/src/cas_client/retry_wrapper.rs","line_number":237}
{"timestamp":"2026-09-04T16:03:49.445223Z","level":"INFO","fields":{"message":"Retry strategy","retry":"RetryWrapper { max_attempts: 5, base_delay: 3s, max_duration: 360s, no_retry_on_429: false, retry_on_403: true, expected_416: false, expected_404: false, log_errors_as_info: false, api_tag: \"s3::get_range\", has_connection_permit: true }"},"filename":"/Users/runner/work/xet-core/xet-core/xet_client/src/cas_client/retry_wrapper.rs","line_number":274}
{"timestamp":"2026-09-04T16:03:49.489419Z","level":"INFO","fields":{"message":"Received CAS response","request_id":"01M1PJJXVBFHNEDJP43M62YFY2","status_code":206},"filename":"/Users/runner/work/xet-core/xet-core/xet_client/src/common/http_client.rs","line_number":288}
{"timestamp":"2026-09-04T16:03:49.489459Z","level":"INFO","fields":{"message":"Request Success: s3::get_range api call succeeded (request id 01M1PJJXVBFHNEDJP43M62YFY2)."},"filename":"/Users/runner/work/xet-core/xet-core/xet_client/src/cas_client/retry_wrapper.rs","line_number":237}
{"timestamp":"2026-09-04T16:03:49.542965Z","level":"INFO","fields":{"message":"Concurrency control for download: Increased concurrency from 18 to 19; reason: success ratio 1.000 is above threshold 0.800 and predicted RTT for 3MB at new concurrency is 2.68s < target 60.0s"},"filename":"/Users/runner/work/xet-core/xet-core/xet_client/src/cas_client/adaptive_concurrency/controller.rs","line_number":548}
{"timestamp":"2026-09-04T16:03:49.543041Z","level":"INFO","fields":{"message":"Retry strategy","retry":"RetryWrapper { max_attempts: 5, base_delay: 3s, max_duration: 360s, no_retry_on_429: false, retry_on_403: true, expected_416: false, expected_404: false, log_errors_as_info: false, api_tag: \"s3::get_range\", has_connection_permit: true }"},"filename":"/Users/runner/work/xet-core/xet-core/xet_client/src/cas_client/retry_wrapper.rs","line_number":274}
{"timestamp":"2026-09-04T16:03:49.565697Z","level":"INFO","fields":{"message":"Retry strategy","retry":"RetryWrapper { max_attempts: 5, base_delay: 3s, max_duration: 360s, no_retry_on_429: false, retry_on_403: true, expected_416: false, expected_404: false, log_errors_as_info: false, api_tag: \"s3::get_range\", has_connection_permit: true }"},"filename":"/Users/runner/work/xet-core/xet-core/xet_client/src/cas_client/retry_wrapper.rs","line_number":274}
{"timestamp":"2026-09-04T16:03:49.585083Z","level":"INFO","fields":{"message":"Retry strategy","retry":"RetryWrapper { max_attempts: 5, base_delay: 3s, max_duration: 360s, no_retry_on_429: false, retry_on_403: true, expected_416: false, expected_404: false, log_errors_as_info: false, api_tag: \"s3::get_range\", has_connection_permit: true }"},"filename":"/Users/runner/work/xet-core/xet-core/xet_client/src/cas_client/retry_wrapper.rs","line_number":274}
{"timestamp":"2026-09-04T16:03:49.637442Z","level":"INFO","fields":{"message":"Retry strategy","retry":"RetryWrapper { max_attempts: 5, base_delay: 3s, max_duration: 360s, no_retry_on_429: false, retry_on_403: true, expected_416: false, expected_404: false, log_errors_as_info: false, api_tag: \"s3::get_range\", has_connection_permit: true }"},"filename":"/Users/runner/work/xet-core/xet-core/xet_client/src/cas_client/retry_wrapper.rs","line_number":274}
{"timestamp":"2026-09-04T16:03:49.641135Z","level":"INFO","fields":{"message":"Retry strategy","retry":"RetryWrapper { max_attempts: 5, base_delay: 3s, max_duration: 360s, no_retry_on_429: false, retry_on_403: true, expected_416: false, expected_404: false, log_errors_as_info: false, api_tag: \"s3::get_range\", has_connection_permit: true }"},"filename":"/Users/runner/work/xet-core/xet-core/xet_client/src/cas_client/retry_wrapper.rs","line_number":274}
{"timestamp":"2026-09-04T16:03:49.707645Z","level":"INFO","fields":{"message":"Retry strategy","retry":"RetryWrapper { max_attempts: 5, base_delay: 3s, max_duration: 360s, no_retry_on_429: false, retry_on_403: true, expected_416: false, expected_404: false, log_errors_as_info: false, api_tag: \"s3::get_range\", has_connection_permit: true }"},"filename":"/Users/runner/work/xet-core/xet-core/xet_client/src/cas_client/retry_wrapper.rs","line_number":274}
{"timestamp":"2026-09-04T16:03:49.728897Z","level":"INFO","fields":{"message":"Received CAS response","request_id":"01M1PJJY41VCD642VQDBPQ0WKE","status_code":206},"filename":"/Users/runner/work/xet-core/xet-core/xet_client/src/common/http_client.rs","line_number":288}
{"timestamp":"2026-09-04T16:03:49.728935Z","level":"INFO","fields":{"message":"Request Success: s3::get_range api call succeeded (request id 01M1PJJY41VCD642VQDBPQ0WKE)."},"filename":"/Users/runner/work/xet-core/xet-core/xet_client/src/cas_client/retry_wrapper.rs","line_number":237}
{"timestamp":"2026-09-04T16:03:49.789349Z","level":"INFO","fields":{"message":"Retry strategy","retry":"RetryWrapper { max_attempts: 5, base_delay: 3s, max_duration: 360s, no_retry_on_429: false, retry_on_403: true, expected_416: false, expected_404: false, log_errors_as_info: false, api_tag: \"s3::get_range\", has_connection_permit: true }"},"filename":"/Users/runner/work/xet-core/xet-core/xet_client/src/cas_client/retry_wrapper.rs","line_number":274}
{"timestamp":"2026-09-04T16:03:49.804239Z","level":"INFO","fields":{"message":"Received CAS response","request_id":"01M1PJJY7CGSYXY9AV4PJ9N8HC","status_code":206},"filename":"/Users/runner/work/xet-core/xet-core/xet_client/src/common/http_client.rs","line_number":288}
{"timestamp":"2026-09-04T16:03:49.804284Z","level":"INFO","fields":{"message":"Request Success: s3::get_range api call succeeded (request id 01M1PJJY7CGSYXY9AV4PJ9N8HC)."},"filename":"/Users/runner/work/xet-core/xet-core/xet_client/src/cas_client/retry_wrapper.rs","line_number":237}
{"timestamp":"2026-09-04T16:03:49.808288Z","level":"INFO","fields":{"message":"Received CAS response","request_id":"01M1PJJY7NFGWBRHHV2963QS0R","status_code":206},"filename":"/Users/runner/work/xet-core/xet-core/xet_client/src/common/http_client.rs","line_number":288}
{"timestamp":"2026-09-04T16:03:49.808313Z","level":"INFO","fields":{"message":"Request Success: s3::get_range api call succeeded (request id 01M1PJJY7NFGWBRHHV2963QS0R)."},"filename":"/Users/runner/work/xet-core/xet-core/xet_client/src/cas_client/retry_wrapper.rs","line_number":237}
{"timestamp":"2026-09-04T16:03:49.917561Z","level":"INFO","fields":{"message":"Received CAS response","request_id":"01M1PJJYAD4B6W882RT6G5HTWA","status_code":206},"filename":"/Users/runner/work/xet-core/xet-core/xet_client/src/common/http_client.rs","line_number":288}
{"timestamp":"2026-09-04T16:03:49.917596Z","level":"INFO","fields":{"message":"Request Success: s3::get_range api call succeeded (request id 01M1PJJYAD4B6W882RT6G5HTWA)."},"filename":"/Users/runner/work/xet-core/xet-core/xet_client/src/cas_client/retry_wrapper.rs","line_number":237}
{"timestamp":"2026-09-04T16:03:49.924847Z","level":"INFO","fields":{"message":"Received CAS response","request_id":"01M1PJJY8N0X786RRZKEK6GPT2","status_code":206},"filename":"/Users/runner/work/xet-core/xet-core/xet_client/src/common/http_client.rs","line_number":288}
{"timestamp":"2026-09-04T16:03:49.924876Z","level":"INFO","fields":{"message":"Request Success: s3::get_range api call succeeded (request id 01M1PJJY8N0X786RRZKEK6GPT2)."},"filename":"/Users/runner/work/xet-core/xet-core/xet_client/src/cas_client/retry_wrapper.rs","line_number":237}
{"timestamp":"2026-09-04T16:03:49.966947Z","level":"INFO","fields":{"message":"Received CAS response","request_id":"01M1PJJYA9ZX8AYW3579RXN6Y2","status_code":206},"filename":"/Users/runner/work/xet-core/xet-core/xet_client/src/common/http_client.rs","line_number":288}
{"timestamp":"2026-09-04T16:03:49.966993Z","level":"INFO","fields":{"message":"Request Success: s3::get_range api call succeeded (request id 01M1PJJYA9ZX8AYW3579RXN6Y2)."},"filename":"/Users/runner/work/xet-core/xet-core/xet_client/src/cas_client/retry_wrapper.rs","line_number":237}
{"timestamp":"2026-09-04T16:03:49.991629Z","level":"INFO","fields":{"message":"Retry strategy","retry":"RetryWrapper { max_attempts: 5, base_delay: 3s, max_duration: 360s, no_retry_on_429: false, retry_on_403: true, expected_416: false, expected_404: false, log_errors_as_info: false, api_tag: \"s3::get_range\", has_connection_permit: true }"},"filename":"/Users/runner/work/xet-core/xet-core/xet_client/src/cas_client/retry_wrapper.rs","line_number":274}
{"timestamp":"2026-09-04T16:03:50.059512Z","level":"INFO","fields":{"message":"Concurrency control for download: Increased concurrency from 19 to 20; reason: success ratio 1.000 is above threshold 0.800 and predicted RTT for 3MB at new concurrency is 2.49s < target 60.0s"},"filename":"/Users/runner/work/xet-core/xet-core/xet_client/src/cas_client/adaptive_concurrency/controller.rs","line_number":548}
{"timestamp":"2026-09-04T16:03:50.059606Z","level":"INFO","fields":{"message":"Retry strategy","retry":"RetryWrapper { max_attempts: 5, base_delay: 3s, max_duration: 360s, no_retry_on_429: false, retry_on_403: true, expected_416: false, expected_404: false, log_errors_as_info: false, api_tag: \"s3::get_range\", has_connection_permit: true }"},"filename":"/Users/runner/work/xet-core/xet-core/xet_client/src/cas_client/retry_wrapper.rs","line_number":274}
{"timestamp":"2026-09-04T16:03:50.059638Z","level":"INFO","fields":{"message":"Retry strategy","retry":"RetryWrapper { max_attempts: 5, base_delay: 3s, max_duration: 360s, no_retry_on_429: false, retry_on_403: true, expected_416: false, expected_404: false, log_errors_as_info: false, api_tag: \"s3::get_range\", has_connection_permit: true }"},"filename":"/Users/runner/work/xet-core/xet-core/xet_client/src/cas_client/retry_wrapper.rs","line_number":274}
{"timestamp":"2026-09-04T16:03:50.078033Z","level":"INFO","fields":{"message":"Received CAS response","request_id":"01M1PJJYEN8CCP66A2YF27YJZN","status_code":206},"filename":"/Users/runner/work/xet-core/xet-core/xet_client/src/common/http_client.rs","line_number":288}
{"timestamp":"2026-09-04T16:03:50.078061Z","level":"INFO","fields":{"message":"Request Success: s3::get_range api call succeeded (request id 01M1PJJYEN8CCP66A2YF27YJZN)."},"filename":"/Users/runner/work/xet-core/xet-core/xet_client/src/cas_client/retry_wrapper.rs","line_number":237}
{"timestamp":"2026-09-04T16:03:50.082530Z","level":"INFO","fields":{"message":"Received CAS response","request_id":"01M1PJJYC9GHN9WWCCJAZNSEGP","status_code":206},"filename":"/Users/runner/work/xet-core/xet-core/xet_client/src/common/http_client.rs","line_number":288}
{"timestamp":"2026-09-04T16:03:50.082553Z","level":"INFO","fields":{"message":"Request Success: s3::get_range api call succeeded (request id 01M1PJJYC9GHN9WWCCJAZNSEGP)."},"filename":"/Users/runner/work/xet-core/xet-core/xet_client/src/cas_client/retry_wrapper.rs","line_number":237}
{"timestamp":"2026-09-04T16:03:50.100665Z","level":"INFO","fields":{"message":"Retry strategy","retry":"RetryWrapper { max_attempts: 5, base_delay: 3s, max_duration: 360s, no_retry_on_429: false, retry_on_403: true, expected_416: false, expected_404: false, log_errors_as_info: false, api_tag: \"s3::get_range\", has_connection_permit: true }"},"filename":"/Users/runner/work/xet-core/xet-core/xet_client/src/cas_client/retry_wrapper.rs","line_number":274}
{"timestamp":"2026-09-04T16:03:50.321388Z","level":"INFO","fields":{"message":"Received CAS response","request_id":"01M1PJJYMX0QW3JPPFRZJV5T5F","status_code":206},"filename":"/Users/runner/work/xet-core/xet-core/xet_client/src/common/http_client.rs","line_number":288}
{"timestamp":"2026-09-04T16:03:50.321427Z","level":"INFO","fields":{"message":"Request Success: s3::get_range api call succeeded (request id 01M1PJJYMX0QW3JPPFRZJV5T5F)."},"filename":"/Users/runner/work/xet-core/xet-core/xet_client/src/cas_client/retry_wrapper.rs","line_number":237}
{"timestamp":"2026-09-04T16:03:50.430987Z","level":"INFO","fields":{"message":"Received CAS response","request_id":"01M1PJJYQ3RCGPBYZ5ZREBPD57","status_code":206},"filename":"/Users/runner/work/xet-core/xet-core/xet_client/src/common/http_client.rs","line_number":288}
{"timestamp":"2026-09-04T16:03:50.431025Z","level":"INFO","fields":{"message":"Request Success: s3::get_range api call succeeded (request id 01M1PJJYQ3RCGPBYZ5ZREBPD57)."},"filename":"/Users/runner/work/xet-core/xet-core/xet_client/src/cas_client/retry_wrapper.rs","line_number":237}
{"timestamp":"2026-09-04T16:03:50.487293Z","level":"INFO","fields":{"message":"Received CAS response","request_id":"01M1PJJYRKXD4ZEQGVE0FVFEPF","status_code":206},"filename":"/Users/runner/work/xet-core/xet-core/xet_client/src/common/http_client.rs","line_number":288}
{"timestamp":"2026-09-04T16:03:50.487425Z","level":"INFO","fields":{"message":"Request Success: s3::get_range api call succeeded (request id 01M1PJJYRKXD4ZEQGVE0FVFEPF)."},"filename":"/Users/runner/work/xet-core/xet-core/xet_client/src/cas_client/retry_wrapper.rs","line_number":237}
{"timestamp":"2026-09-04T16:03:50.505032Z","level":"INFO","fields":{"message":"Received CAS response","request_id":"01M1PJJYQCYPXEA6WT6QFZVYBB","status_code":206},"filename":"/Users/runner/work/xet-core/xet-core/xet_client/src/common/http_client.rs","line_number":288}
{"timestamp":"2026-09-04T16:03:50.505060Z","level":"INFO","fields":{"message":"Request Success: s3::get_range api call succeeded (request id 01M1PJJYQCYPXEA6WT6QFZVYBB)."},"filename":"/Users/runner/work/xet-core/xet-core/xet_client/src/cas_client/retry_wrapper.rs","line_number":237}
{"timestamp":"2026-09-04T16:03:50.770067Z","level":"INFO","fields":{"message":"Concurrency control for download: Increased concurrency from 20 to 21; reason: success ratio 1.000 is above threshold 0.800 and predicted RTT for 3MB at new concurrency is 2.58s < target 60.0s"},"filename":"/Users/runner/work/xet-core/xet-core/xet_client/src/cas_client/adaptive_concurrency/controller.rs","line_number":548}
{"timestamp":"2026-09-04T16:03:50.770151Z","level":"INFO","fields":{"message":"Retry strategy","retry":"RetryWrapper { max_attempts: 5, base_delay: 3s, max_duration: 360s, no_retry_on_429: false, retry_on_403: true, expected_416: false, expected_404: false, log_errors_as_info: false, api_tag: \"s3::get_range\", has_connection_permit: true }"},"filename":"/Users/runner/work/xet-core/xet-core/xet_client/src/cas_client/retry_wrapper.rs","line_number":274}
{"timestamp":"2026-09-04T16:03:50.799967Z","level":"INFO","fields":{"message":"Retry strategy","retry":"RetryWrapper { max_attempts: 5, base_delay: 3s, max_duration: 360s, no_retry_on_429: false, retry_on_403: true, expected_416: false, expected_404: false, log_errors_as_info: false, api_tag: \"s3::get_range\", has_connection_permit: true }"},"filename":"/Users/runner/work/xet-core/xet-core/xet_client/src/cas_client/retry_wrapper.rs","line_number":274}
{"timestamp":"2026-09-04T16:03:51.062129Z","level":"INFO","fields":{"message":"Retry strategy","retry":"RetryWrapper { max_attempts: 5, base_delay: 3s, max_duration: 360s, no_retry_on_429: false, retry_on_403: true, expected_416: false, expected_404: false, log_errors_as_info: false, api_tag: \"s3::get_range\", has_connection_permit: true }"},"filename":"/Users/runner/work/xet-core/xet-core/xet_client/src/cas_client/retry_wrapper.rs","line_number":274}
{"timestamp":"2026-09-04T16:03:51.065012Z","level":"INFO","fields":{"message":"Received CAS response","request_id":"01M1PJJZEA3935MZR6QMHPQPM2","status_code":206},"filename":"/Users/runner/work/xet-core/xet-core/xet_client/src/common/http_client.rs","line_number":288}
{"timestamp":"2026-09-04T16:03:51.065022Z","level":"INFO","fields":{"message":"Request Success: s3::get_range api call succeeded (request id 01M1PJJZEA3935MZR6QMHPQPM2)."},"filename":"/Users/runner/work/xet-core/xet-core/xet_client/src/cas_client/retry_wrapper.rs","line_number":237}
{"timestamp":"2026-09-04T16:03:51.073285Z","level":"INFO","fields":{"message":"Received CAS response","request_id":"01M1PJJZEEHMC3J6P6AMVZJBNY","status_code":206},"filename":"/Users/runner/work/xet-core/xet-core/xet_client/src/common/http_client.rs","line_number":288}
{"timestamp":"2026-09-04T16:03:51.073292Z","level":"INFO","fields":{"message":"Request Success: s3::get_range api call succeeded (request id 01M1PJJZEEHMC3J6P6AMVZJBNY)."},"filename":"/Users/runner/work/xet-core/xet-core/xet_client/src/cas_client/retry_wrapper.rs","line_number":237}
{"timestamp":"2026-09-04T16:03:51.085361Z","level":"INFO","fields":{"message":"Retry strategy","retry":"RetryWrapper { max_attempts: 5, base_delay: 3s, max_duration: 360s, no_retry_on_429: false, retry_on_403: true, expected_416: false, expected_404: false, log_errors_as_info: false, api_tag: \"s3::get_range\", has_connection_permit: true }"},"filename":"/Users/runner/work/xet-core/xet-core/xet_client/src/cas_client/retry_wrapper.rs","line_number":274}
{"timestamp":"2026-09-04T16:03:51.287781Z","level":"INFO","fields":{"message":"Concurrency control for download: Increased concurrency from 21 to 22; reason: success ratio 1.000 is above threshold 0.800 and predicted RTT for 3MB at new concurrency is 2.55s < target 60.0s"},"filename":"/Users/runner/work/xet-core/xet-core/xet_client/src/cas_client/adaptive_concurrency/controller.rs","line_number":548}
{"timestamp":"2026-09-04T16:03:51.396332Z","level":"INFO","fields":{"message":"Received CAS response","request_id":"01M1PJJZQ6GHPA5228X7WKPTE3","status_code":206},"filename":"/Users/runner/work/xet-core/xet-core/xet_client/src/common/http_client.rs","line_number":288}
{"timestamp":"2026-09-04T16:03:51.396365Z","level":"INFO","fields":{"message":"Request Success: s3::get_range api call succeeded (request id 01M1PJJZQ6GHPA5228X7WKPTE3)."},"filename":"/Users/runner/work/xet-core/xet-core/xet_client/src/cas_client/retry_wrapper.rs","line_number":237}
{"timestamp":"2026-09-04T16:03:51.454272Z","level":"INFO","fields":{"message":"Received CAS response","request_id":"01M1PJJZPKXZBTAY4Q08SGEEX9","status_code":206},"filename":"/Users/runner/work/xet-core/xet-core/xet_client/src/common/http_client.rs","line_number":288}
{"timestamp":"2026-09-04T16:03:51.454330Z","level":"INFO","fields":{"message":"Request Success: s3::get_range api call succeeded (request id 01M1PJJZPKXZBTAY4Q08SGEEX9)."},"filename":"/Users/runner/work/xet-core/xet-core/xet_client/src/cas_client/retry_wrapper.rs","line_number":237}
{"timestamp":"2026-09-04T16:03:51.808271Z","level":"INFO","fields":{"message":"Concurrency control for download: Increased concurrency from 22 to 23; reason: success ratio 1.000 is above threshold 0.800 and predicted RTT for 3MB at new concurrency is 2.61s < target 60.0s"},"filename":"/Users/runner/work/xet-core/xet-core/xet_client/src/cas_client/adaptive_concurrency/controller.rs","line_number":548}
{"timestamp":"2026-09-04T16:03:52.319457Z","level":"INFO","fields":{"message":"Concurrency control for download: Increased concurrency from 23 to 24; reason: success ratio 1.000 is above threshold 0.800 and predicted RTT for 3MB at new concurrency is 2.70s < target 60.0s"},"filename":"/Users/runner/work/xet-core/xet-core/xet_client/src/cas_client/adaptive_concurrency/controller.rs","line_number":548}
{"timestamp":"2026-09-04T16:03:52.856041Z","level":"INFO","fields":{"message":"Concurrency control for download: Increased concurrency from 24 to 25; reason: success ratio 1.000 is above threshold 0.800 and predicted RTT for 3MB at new concurrency is 4.21s < target 60.0s"},"filename":"/Users/runner/work/xet-core/xet-core/xet_client/src/cas_client/adaptive_concurrency/controller.rs","line_number":548}
{"timestamp":"2026-09-04T16:03:53.396701Z","level":"INFO","fields":{"message":"Concurrency control for download: Increased concurrency from 25 to 26; reason: success ratio 1.000 is above threshold 0.800 and predicted RTT for 3MB at new concurrency is 4.78s < target 60.0s"},"filename":"/Users/runner/work/xet-core/xet-core/xet_client/src/cas_client/adaptive_concurrency/controller.rs","line_number":548}
{"timestamp":"2026-09-04T16:03:53.963390Z","level":"INFO","fields":{"message":"Concurrency control for download: Increased concurrency from 26 to 27; reason: success ratio 1.000 is above threshold 0.800 and predicted RTT for 3MB at new concurrency is 4.67s < target 60.0s"},"filename":"/Users/runner/work/xet-core/xet-core/xet_client/src/cas_client/adaptive_concurrency/controller.rs","line_number":548}
{"timestamp":"2026-09-04T16:03:54.479471Z","level":"INFO","fields":{"message":"Concurrency control for download: Increased concurrency from 27 to 28; reason: success ratio 1.000 is above threshold 0.800 and predicted RTT for 3MB at new concurrency is 6.44s < target 60.0s"},"filename":"/Users/runner/work/xet-core/xet-core/xet_client/src/cas_client/adaptive_concurrency/controller.rs","line_number":548}
{"timestamp":"2026-09-04T16:03:55.048164Z","level":"INFO","fields":{"message":"Concurrency control for download: Increased concurrency from 28 to 29; reason: success ratio 1.000 is above threshold 0.800 and predicted RTT for 3MB at new concurrency is 6.59s < target 60.0s"},"filename":"/Users/runner/work/xet-core/xet-core/xet_client/src/cas_client/adaptive_concurrency/controller.rs","line_number":548}
{"timestamp":"2026-09-04T16:03:55.628143Z","level":"INFO","fields":{"message":"Concurrency control for download: Increased concurrency from 29 to 30; reason: success ratio 1.000 is above threshold 0.800 and predicted RTT for 3MB at new concurrency is 6.76s < target 60.0s"},"filename":"/Users/runner/work/xet-core/xet-core/xet_client/src/cas_client/adaptive_concurrency/controller.rs","line_number":548}
{"timestamp":"2026-09-04T16:03:56.142410Z","level":"INFO","fields":{"message":"Concurrency control for download: Increased concurrency from 30 to 31; reason: success ratio 1.000 is above threshold 0.800 and predicted RTT for 3MB at new concurrency is 6.92s < target 60.0s"},"filename":"/Users/runner/work/xet-core/xet-core/xet_client/src/cas_client/adaptive_concurrency/controller.rs","line_number":548}
{"timestamp":"2026-09-04T16:03:56.549558Z","level":"INFO","fields":{"message":"Concurrency control for download: Current concurrency = 31; predicted bandwidth = 4279322; success_ratio = 1.000; reference_size = 3.8MB; observed bytes sent so far = 146209136; completed transmissions = 75"},"filename":"/Users/runner/work/xet-core/xet-core/xet_client/src/cas_client/adaptive_concurrency/controller.rs","line_number":602}
{"timestamp":"2026-09-04T16:03:56.708988Z","level":"INFO","fields":{"message":"Concurrency control for download: Increased concurrency from 31 to 32; reason: success ratio 1.000 is above threshold 0.800 and predicted RTT for 3MB at new concurrency is 7.10s < target 60.0s"},"filename":"/Users/runner/work/xet-core/xet-core/xet_client/src/cas_client/adaptive_concurrency/controller.rs","line_number":548}
{"timestamp":"2026-09-04T16:03:57.243516Z","level":"INFO","fields":{"message":"Concurrency control for download: Increased concurrency from 32 to 33; reason: success ratio 1.000 is above threshold 0.800 and predicted RTT for 3MB at new concurrency is 7.30s < target 60.0s"},"filename":"/Users/runner/work/xet-core/xet-core/xet_client/src/cas_client/adaptive_concurrency/controller.rs","line_number":548}
{"timestamp":"2026-09-04T16:03:57.751248Z","level":"INFO","fields":{"message":"Concurrency control for download: Increased concurrency from 33 to 34; reason: success ratio 1.000 is above threshold 0.800 and predicted RTT for 3MB at new concurrency is 7.53s < target 60.0s"},"filename":"/Users/runner/work/xet-core/xet-core/xet_client/src/cas_client/adaptive_concurrency/controller.rs","line_number":548}
{"timestamp":"2026-09-04T16:03:58.391458Z","level":"INFO","fields":{"message":"Concurrency control for download: Increased concurrency from 34 to 35; reason: success ratio 1.000 is above threshold 0.800 and predicted RTT for 3MB at new concurrency is 9.01s < target 60.0s"},"filename":"/Users/runner/work/xet-core/xet-core/xet_client/src/cas_client/adaptive_concurrency/controller.rs","line_number":548}
{"timestamp":"2026-09-04T16:03:59.025159Z","level":"INFO","fields":{"message":"Concurrency control for download: Increased concurrency from 35 to 36; reason: success ratio 1.000 is above threshold 0.800 and predicted RTT for 3MB at new concurrency is 9.23s < target 60.0s"},"filename":"/Users/runner/work/xet-core/xet-core/xet_client/src/cas_client/adaptive_concurrency/controller.rs","line_number":548}
{"timestamp":"2026-09-04T16:03:59.682915Z","level":"INFO","fields":{"message":"Concurrency control for download: Increased concurrency from 36 to 37; reason: success ratio 1.000 is above threshold 0.800 and predicted RTT for 3MB at new concurrency is 9.44s < target 60.0s"},"filename":"/Users/runner/work/xet-core/xet-core/xet_client/src/cas_client/adaptive_concurrency/controller.rs","line_number":548}
{"timestamp":"2026-09-04T16:04:00.186662Z","level":"INFO","fields":{"message":"Concurrency control for download: Increased concurrency from 37 to 38; reason: success ratio 1.000 is above threshold 0.800 and predicted RTT for 3MB at new concurrency is 9.68s < target 60.0s"},"filename":"/Users/runner/work/xet-core/xet-core/xet_client/src/cas_client/adaptive_concurrency/controller.rs","line_number":548}
{"timestamp":"2026-09-04T16:04:00.769409Z","level":"INFO","fields":{"message":"Concurrency control for download: Increased concurrency from 38 to 39; reason: success ratio 1.000 is above threshold 0.800 and predicted RTT for 3MB at new concurrency is 9.88s < target 60.0s"},"filename":"/Users/runner/work/xet-core/xet-core/xet_client/src/cas_client/adaptive_concurrency/controller.rs","line_number":548}
{"timestamp":"2026-09-04T16:04:01.396399Z","level":"INFO","fields":{"message":"Concurrency control for download: Increased concurrency from 39 to 40; reason: success ratio 1.000 is above threshold 0.800 and predicted RTT for 3MB at new concurrency is 10.17s < target 60.0s"},"filename":"/Users/runner/work/xet-core/xet-core/xet_client/src/cas_client/adaptive_concurrency/controller.rs","line_number":548}
{"timestamp":"2026-09-04T16:04:02.033244Z","level":"INFO","fields":{"message":"Concurrency control for download: Increased concurrency from 40 to 41; reason: success ratio 1.000 is above threshold 0.800 and predicted RTT for 3MB at new concurrency is 10.44s < target 60.0s"},"filename":"/Users/runner/work/xet-core/xet-core/xet_client/src/cas_client/adaptive_concurrency/controller.rs","line_number":548}
{"timestamp":"2026-09-04T16:04:02.663128Z","level":"INFO","fields":{"message":"Concurrency control for download: Increased concurrency from 41 to 42; reason: success ratio 1.000 is above threshold 0.800 and predicted RTT for 3MB at new concurrency is 10.73s < target 60.0s"},"filename":"/Users/runner/work/xet-core/xet-core/xet_client/src/cas_client/adaptive_concurrency/controller.rs","line_number":548}
{"timestamp":"2026-09-04T16:04:03.309219Z","level":"INFO","fields":{"message":"Concurrency control for download: Increased concurrency from 42 to 43; reason: success ratio 1.000 is above threshold 0.800 and predicted RTT for 3MB at new concurrency is 11.05s < target 60.0s"},"filename":"/Users/runner/work/xet-core/xet-core/xet_client/src/cas_client/adaptive_concurrency/controller.rs","line_number":548}
{"timestamp":"2026-09-04T16:04:03.954543Z","level":"INFO","fields":{"message":"Concurrency control for download: Increased concurrency from 43 to 44; reason: success ratio 1.000 is above threshold 0.800 and predicted RTT for 3MB at new concurrency is 11.43s < target 60.0s"},"filename":"/Users/runner/work/xet-core/xet-core/xet_client/src/cas_client/adaptive_concurrency/controller.rs","line_number":548}
{"timestamp":"2026-09-04T16:04:04.640833Z","level":"INFO","fields":{"message":"Concurrency control for download: Increased concurrency from 44 to 45; reason: success ratio 1.000 is above threshold 0.800 and predicted RTT for 3MB at new concurrency is 11.91s < target 60.0s"},"filename":"/Users/runner/work/xet-core/xet-core/xet_client/src/cas_client/adaptive_concurrency/controller.rs","line_number":548}
{"timestamp":"2026-09-04T16:04:05.179530Z","level":"INFO","fields":{"message":"Concurrency control for download: Increased concurrency from 45 to 46; reason: success ratio 1.000 is above threshold 0.800 and predicted RTT for 3MB at new concurrency is 12.30s < target 60.0s"},"filename":"/Users/runner/work/xet-core/xet-core/xet_client/src/cas_client/adaptive_concurrency/controller.rs","line_number":548}
{"timestamp":"2026-09-04T16:04:05.703755Z","level":"INFO","fields":{"message":"Concurrency control for download: Increased concurrency from 46 to 47; reason: success ratio 1.000 is above threshold 0.800 and predicted RTT for 3MB at new concurrency is 12.77s < target 60.0s"},"filename":"/Users/runner/work/xet-core/xet-core/xet_client/src/cas_client/adaptive_concurrency/controller.rs","line_number":548}
{"timestamp":"2026-09-04T16:04:06.309065Z","level":"INFO","fields":{"message":"Concurrency control for download: Increased concurrency from 47 to 48; reason: success ratio 1.000 is above threshold 0.800 and predicted RTT for 3MB at new concurrency is 13.29s < target 60.0s"},"filename":"/Users/runner/work/xet-core/xet-core/xet_client/src/cas_client/adaptive_concurrency/controller.rs","line_number":548}
{"timestamp":"2026-09-04T16:04:06.550135Z","level":"INFO","fields":{"message":"Concurrency control for download: Current concurrency = 48; predicted bandwidth = 2908699; success_ratio = 1.000; reference_size = 4.0MB; observed bytes sent so far = 161988728; completed transmissions = 76"},"filename":"/Users/runner/work/xet-core/xet-core/xet_client/src/cas_client/adaptive_concurrency/controller.rs","line_number":602}
{"timestamp":"2026-09-04T16:04:06.928376Z","level":"INFO","fields":{"message":"Concurrency control for download: Increased concurrency from 48 to 49; reason: success ratio 1.000 is above threshold 0.800 and predicted RTT for 3MB at new concurrency is 13.92s < target 60.0s"},"filename":"/Users/runner/work/xet-core/xet-core/xet_client/src/cas_client/adaptive_concurrency/controller.rs","line_number":548}
{"timestamp":"2026-09-04T16:04:07.554954Z","level":"INFO","fields":{"message":"Concurrency control for download: Increased concurrency from 49 to 50; reason: success ratio 1.000 is above threshold 0.800 and predicted RTT for 3MB at new concurrency is 14.74s < target 60.0s"},"filename":"/Users/runner/work/xet-core/xet-core/xet_client/src/cas_client/adaptive_concurrency/controller.rs","line_number":548}
{"timestamp":"2026-09-04T16:04:08.069138Z","level":"INFO","fields":{"message":"Concurrency control for download: Increased concurrency from 50 to 51; reason: success ratio 1.000 is above threshold 0.800 and predicted RTT for 3MB at new concurrency is 15.66s < target 60.0s"},"filename":"/Users/runner/work/xet-core/xet-core/xet_client/src/cas_client/adaptive_concurrency/controller.rs","line_number":548}
{"timestamp":"2026-09-04T16:04:08.638690Z","level":"INFO","fields":{"message":"Concurrency control for download: Increased concurrency from 51 to 52; reason: success ratio 1.000 is above threshold 0.800 and predicted RTT for 3MB at new concurrency is 16.63s < target 60.0s"},"filename":"/Users/runner/work/xet-core/xet-core/xet_client/src/cas_client/adaptive_concurrency/controller.rs","line_number":548}
{"timestamp":"2026-09-04T16:04:09.265335Z","level":"INFO","fields":{"message":"Concurrency control for download: Increased concurrency from 52 to 53; reason: success ratio 1.000 is above threshold 0.800 and predicted RTT for 3MB at new concurrency is 18.06s < target 60.0s"},"filename":"/Users/runner/work/xet-core/xet-core/xet_client/src/cas_client/adaptive_concurrency/controller.rs","line_number":548}
{"timestamp":"2026-09-04T16:04:09.880934Z","level":"INFO","fields":{"message":"Concurrency control for download: Increased concurrency from 53 to 54; reason: success ratio 1.000 is above threshold 0.800 and predicted RTT for 3MB at new concurrency is 19.82s < target 60.0s"},"filename":"/Users/runner/work/xet-core/xet-core/xet_client/src/cas_client/adaptive_concurrency/controller.rs","line_number":548}
{"timestamp":"2026-09-04T16:04:10.509652Z","level":"INFO","fields":{"message":"Concurrency control for download: Increased concurrency from 54 to 55; reason: success ratio 1.000 is above threshold 0.800 and predicted RTT for 3MB at new concurrency is 21.92s < target 60.0s"},"filename":"/Users/runner/work/xet-core/xet-core/xet_client/src/cas_client/adaptive_concurrency/controller.rs","line_number":548}
{"timestamp":"2026-09-04T16:04:11.165902Z","level":"INFO","fields":{"message":"Concurrency control for download: Increased concurrency from 55 to 56; reason: success ratio 1.000 is above threshold 0.800 and predicted RTT for 3MB at new concurrency is 24.26s < target 60.0s"},"filename":"/Users/runner/work/xet-core/xet-core/xet_client/src/cas_client/adaptive_concurrency/controller.rs","line_number":548}
{"timestamp":"2026-09-04T16:04:11.824254Z","level":"INFO","fields":{"message":"Concurrency control for download: Increased concurrency from 56 to 57; reason: success ratio 1.000 is above threshold 0.800 and predicted RTT for 3MB at new concurrency is 25.96s < target 60.0s"},"filename":"/Users/runner/work/xet-core/xet-core/xet_client/src/cas_client/adaptive_concurrency/controller.rs","line_number":548}
{"timestamp":"2026-09-04T16:04:12.401247Z","level":"INFO","fields":{"message":"Concurrency control for download: Increased concurrency from 57 to 58; reason: success ratio 1.000 is above threshold 0.800 and predicted RTT for 3MB at new concurrency is 27.72s < target 60.0s"},"filename":"/Users/runner/work/xet-core/xet-core/xet_client/src/cas_client/adaptive_concurrency/controller.rs","line_number":548}
{"timestamp":"2026-09-04T16:04:12.906697Z","level":"INFO","fields":{"message":"Concurrency control for download: Increased concurrency from 58 to 59; reason: success ratio 1.000 is above threshold 0.800 and predicted RTT for 3MB at new concurrency is 29.78s < target 60.0s"},"filename":"/Users/runner/work/xet-core/xet-core/xet_client/src/cas_client/adaptive_concurrency/controller.rs","line_number":548}
{"timestamp":"2026-09-04T16:04:13.441519Z","level":"INFO","fields":{"message":"Concurrency control for download: Increased concurrency from 59 to 60; reason: success ratio 1.000 is above threshold 0.800 and predicted RTT for 3MB at new concurrency is 31.50s < target 60.0s"},"filename":"/Users/runner/work/xet-core/xet-core/xet_client/src/cas_client/adaptive_concurrency/controller.rs","line_number":548}
{"timestamp":"2026-09-04T16:04:14.004755Z","level":"INFO","fields":{"message":"Concurrency control for download: Increased concurrency from 60 to 61; reason: success ratio 1.000 is above threshold 0.800 and predicted RTT for 3MB at new concurrency is 33.56s < target 60.0s"},"filename":"/Users/runner/work/xet-core/xet-core/xet_client/src/cas_client/adaptive_concurrency/controller.rs","line_number":548}
{"timestamp":"2026-09-04T16:04:14.517143Z","level":"INFO","fields":{"message":"Concurrency control for download: Increased concurrency from 61 to 62; reason: success ratio 1.000 is above threshold 0.800 and predicted RTT for 3MB at new concurrency is 35.11s < target 60.0s"},"filename":"/Users/runner/work/xet-core/xet-core/xet_client/src/cas_client/adaptive_concurrency/controller.rs","line_number":548}
{"timestamp":"2026-09-04T16:04:15.150069Z","level":"INFO","fields":{"message":"Concurrency control for download: Increased concurrency from 62 to 63; reason: success ratio 1.000 is above threshold 0.800 and predicted RTT for 3MB at new concurrency is 36.98s < target 60.0s"},"filename":"/Users/runner/work/xet-core/xet-core/xet_client/src/cas_client/adaptive_concurrency/controller.rs","line_number":548}
{"timestamp":"2026-09-04T16:04:15.800243Z","level":"INFO","fields":{"message":"Concurrency control for download: Increased concurrency from 63 to 64; reason: success ratio 1.000 is above threshold 0.800 and predicted RTT for 3MB at new concurrency is 38.87s < target 60.0s"},"filename":"/Users/runner/work/xet-core/xet-core/xet_client/src/cas_client/adaptive_concurrency/controller.rs","line_number":548}
{"timestamp":"2026-09-04T16:04:16.473385Z","level":"INFO","fields":{"message":"Concurrency control for download: Increased concurrency from 64 to 64; reason: success ratio 1.000 is above threshold 0.800 and predicted RTT for 3MB at new concurrency is 40.40s < target 60.0s"},"filename":"/Users/runner/work/xet-core/xet-core/xet_client/src/cas_client/adaptive_concurrency/controller.rs","line_number":548}
{"timestamp":"2026-09-04T16:04:16.699849Z","level":"INFO","fields":{"message":"Concurrency control for download: Current concurrency = 64; predicted bandwidth = 3835473; success_ratio = 1.000; reference_size = 4.0MB; observed bytes sent so far = 178126968; completed transmissions = 76"},"filename":"/Users/runner/work/xet-core/xet-core/xet_client/src/cas_client/adaptive_concurrency/controller.rs","line_number":602}
{"timestamp":"2026-09-04T16:04:16.993186Z","level":"INFO","fields":{"message":"Concurrency control for download: Increased concurrency from 64 to 64; reason: success ratio 1.000 is above threshold 0.800 and predicted RTT for 3MB at new concurrency is 42.24s < target 60.0s"},"filename":"/Users/runner/work/xet-core/xet-core/xet_client/src/cas_client/adaptive_concurrency/controller.rs","line_number":548}
{"timestamp":"2026-09-04T16:04:17.593810Z","level":"INFO","fields":{"message":"Concurrency control for download: Increased concurrency from 64 to 64; reason: success ratio 1.000 is above threshold 0.800 and predicted RTT for 3MB at new concurrency is 43.08s < target 60.0s"},"filename":"/Users/runner/work/xet-core/xet-core/xet_client/src/cas_client/adaptive_concurrency/controller.rs","line_number":548}
{"timestamp":"2026-09-04T16:04:18.136099Z","level":"INFO","fields":{"message":"Concurrency control for download: Increased concurrency from 64 to 64; reason: success ratio 1.000 is above threshold 0.800 and predicted RTT for 3MB at new concurrency is 44.70s < target 60.0s"},"filename":"/Users/runner/work/xet-core/xet-core/xet_client/src/cas_client/adaptive_concurrency/controller.rs","line_number":548}
{"timestamp":"2026-09-04T16:04:19.165810Z","level":"INFO","fields":{"message":"Concurrency control for download: Increased concurrency from 64 to 64; reason: success ratio 1.000 is above threshold 0.800 and predicted RTT for 3MB at new concurrency is 45.63s < target 60.0s"},"filename":"/Users/runner/work/xet-core/xet-core/xet_client/src/cas_client/adaptive_concurrency/controller.rs","line_number":548}
{"timestamp":"2026-09-04T16:04:19.765180Z","level":"INFO","fields":{"message":"Concurrency control for download: Increased concurrency from 64 to 64; reason: success ratio 1.000 is above threshold 0.800 and predicted RTT for 3MB at new concurrency is 46.87s < target 60.0s"},"filename":"/Users/runner/work/xet-core/xet-core/xet_client/src/cas_client/adaptive_concurrency/controller.rs","line_number":548}
{"timestamp":"2026-09-04T16:04:20.351601Z","level":"INFO","fields":{"message":"Concurrency control for download: Increased concurrency from 64 to 64; reason: success ratio 1.000 is above threshold 0.800 and predicted RTT for 3MB at new concurrency is 47.25s < target 60.0s"},"filename":"/Users/runner/work/xet-core/xet-core/xet_client/src/cas_client/adaptive_concurrency/controller.rs","line_number":548}
{"timestamp":"2026-09-04T16:04:21.270916Z","level":"INFO","fields":{"message":"Concurrency control for download: Increased concurrency from 64 to 64; reason: success ratio 1.000 is above threshold 0.800 and predicted RTT for 3MB at new concurrency is 47.35s < target 60.0s"},"filename":"/Users/runner/work/xet-core/xet-core/xet_client/src/cas_client/adaptive_concurrency/controller.rs","line_number":548}
{"timestamp":"2026-09-04T16:04:22.554154Z","level":"INFO","fields":{"message":"Concurrency control for download: Increased concurrency from 64 to 64; reason: success ratio 1.000 is above threshold 0.800 and predicted RTT for 3MB at new concurrency is 47.69s < target 60.0s"},"filename":"/Users/runner/work/xet-core/xet-core/xet_client/src/cas_client/adaptive_concurrency/controller.rs","line_number":548}
{"timestamp":"2026-09-04T16:04:23.134420Z","level":"INFO","fields":{"message":"Concurrency control for download: Increased concurrency from 64 to 64; reason: success ratio 1.000 is above threshold 0.800 and predicted RTT for 3MB at new concurrency is 48.91s < target 60.0s"},"filename":"/Users/runner/work/xet-core/xet-core/xet_client/src/cas_client/adaptive_concurrency/controller.rs","line_number":548}
{"timestamp":"2026-09-04T16:04:23.915548Z","level":"INFO","fields":{"message":"Concurrency control for download: Increased concurrency from 64 to 64; reason: success ratio 1.000 is above threshold 0.800 and predicted RTT for 3MB at new concurrency is 49.54s < target 60.0s"},"filename":"/Users/runner/work/xet-core/xet-core/xet_client/src/cas_client/adaptive_concurrency/controller.rs","line_number":548}
{"timestamp":"2026-09-04T16:04:24.576173Z","level":"INFO","fields":{"message":"Concurrency control for download: Increased concurrency from 64 to 64; reason: success ratio 1.000 is above threshold 0.800 and predicted RTT for 3MB at new concurrency is 49.73s < target 60.0s"},"filename":"/Users/runner/work/xet-core/xet-core/xet_client/src/cas_client/adaptive_concurrency/controller.rs","line_number":548}
{"timestamp":"2026-09-04T16:04:25.131154Z","level":"INFO","fields":{"message":"Concurrency control for download: Increased concurrency from 64 to 64; reason: success ratio 1.000 is above threshold 0.800 and predicted RTT for 3MB at new concurrency is 50.29s < target 60.0s"},"filename":"/Users/runner/work/xet-core/xet-core/xet_client/src/cas_client/adaptive_concurrency/controller.rs","line_number":548}
{"timestamp":"2026-09-04T16:04:25.668138Z","level":"INFO","fields":{"message":"Concurrency control for download: Increased concurrency from 64 to 64; reason: success ratio 1.000 is above threshold 0.800 and predicted RTT for 3MB at new concurrency is 50.42s < target 60.0s"},"filename":"/Users/runner/work/xet-core/xet-core/xet_client/src/cas_client/adaptive_concurrency/controller.rs","line_number":548}
{"timestamp":"2026-09-04T16:04:26.494953Z","level":"INFO","fields":{"message":"Concurrency control for download: Increased concurrency from 64 to 64; reason: success ratio 1.000 is above threshold 0.800 and predicted RTT for 3MB at new concurrency is 50.51s < target 60.0s"},"filename":"/Users/runner/work/xet-core/xet-core/xet_client/src/cas_client/adaptive_concurrency/controller.rs","line_number":548}
{"timestamp":"2026-09-04T16:04:30.218378Z","level":"INFO","fields":{"message":"Concurrency control for download: Increased concurrency from 64 to 64; reason: success ratio 1.000 is above threshold 0.800 and predicted RTT for 3MB at new concurrency is 50.79s < target 60.0s"},"filename":"/Users/runner/work/xet-core/xet-core/xet_client/src/cas_client/adaptive_concurrency/controller.rs","line_number":548}
{"timestamp":"2026-09-04T16:04:30.218449Z","level":"INFO","fields":{"message":"Concurrency control for download: Current concurrency = 64; predicted bandwidth = 4470058; success_ratio = 1.000; reference_size = 4.0MB; observed bytes sent so far = 180666488; completed transmissions = 76"},"filename":"/Users/runner/work/xet-core/xet-core/xet_client/src/cas_client/adaptive_concurrency/controller.rs","line_number":602}
{"timestamp":"2026-09-04T16:04:30.768886Z","level":"INFO","fields":{"message":"Concurrency control for download: Increased concurrency from 64 to 64; reason: success ratio 1.000 is above threshold 0.800 and predicted RTT for 3MB at new concurrency is 52.10s < target 60.0s"},"filename":"/Users/runner/work/xet-core/xet-core/xet_client/src/cas_client/adaptive_concurrency/controller.rs","line_number":548}
{"timestamp":"2026-09-04T16:04:32.036943Z","level":"INFO","fields":{"message":"Concurrency control for download: Increased concurrency from 64 to 64; reason: success ratio 1.000 is above threshold 0.800 and predicted RTT for 3MB at new concurrency is 52.70s < target 60.0s"},"filename":"/Users/runner/work/xet-core/xet-core/xet_client/src/cas_client/adaptive_concurrency/controller.rs","line_number":548}
{"timestamp":"2026-09-04T16:04:32.740412Z","level":"INFO","fields":{"message":"Concurrency control for download: Increased concurrency from 64 to 64; reason: success ratio 1.000 is above threshold 0.800 and predicted RTT for 3MB at new concurrency is 54.77s < target 60.0s"},"filename":"/Users/runner/work/xet-core/xet-core/xet_client/src/cas_client/adaptive_concurrency/controller.rs","line_number":548}
{"timestamp":"2026-09-04T16:04:33.573431Z","level":"INFO","fields":{"message":"Concurrency control for download: Increased concurrency from 64 to 64; reason: success ratio 1.000 is above threshold 0.800 and predicted RTT for 3MB at new concurrency is 57.96s < target 60.0s"},"filename":"/Users/runner/work/xet-core/xet-core/xet_client/src/cas_client/adaptive_concurrency/controller.rs","line_number":548}
{"timestamp":"2026-09-04T16:04:34.245582Z","level":"INFO","fields":{"message":"Concurrency control for download: Increased concurrency from 64 to 64; reason: success ratio 1.000 is above threshold 0.800 and predicted RTT for 3MB at new concurrency is 59.77s < target 60.0s"},"filename":"/Users/runner/work/xet-core/xet-core/xet_client/src/cas_client/adaptive_concurrency/controller.rs","line_number":548}
{"timestamp":"2026-09-04T16:04:42.602252Z","level":"INFO","fields":{"message":"Concurrency control for download: Current concurrency = 64; predicted bandwidth = 7616912; success_ratio = 1.000; reference_size = 4.0MB; observed bytes sent so far = 182567032; completed transmissions = 76"},"filename":"/Users/runner/work/xet-core/xet-core/xet_client/src/cas_client/adaptive_concurrency/controller.rs","line_number":602}
{"timestamp":"2026-09-04T16:04:52.694122Z","level":"INFO","fields":{"message":"Concurrency control for download: Current concurrency = 64; predicted bandwidth = 29801525; success_ratio = 1.000; reference_size = 4.0MB; observed bytes sent so far = 183926904; completed transmissions = 76"},"filename":"/Users/runner/work/xet-core/xet-core/xet_client/src/cas_client/adaptive_concurrency/controller.rs","line_number":602}
{"timestamp":"2026-09-04T16:05:02.874619Z","level":"INFO","fields":{"message":"Concurrency control for download: Current concurrency = 64; predicted bandwidth = 10485760000000; success_ratio = 1.000; reference_size = 4.0MB; observed bytes sent so far = 186318968; completed transmissions = 76"},"filename":"/Users/runner/work/xet-core/xet-core/xet_client/src/cas_client/adaptive_concurrency/controller.rs","line_number":602}
{"timestamp":"2026-09-04T16:05:07.853843Z","level":"INFO","fields":{"message":"Concurrency control for download: Decreased concurrency from 64 to 63; reason: success ratio below threshold (connection struggling) (success_ratio = 1.000, threshold = 0.500)"},"filename":"/Users/runner/work/xet-core/xet-core/xet_client/src/cas_client/adaptive_concurrency/controller.rs","line_number":586}
{"timestamp":"2026-09-04T16:05:08.486597Z","level":"INFO","fields":{"message":"Concurrency control for download: Decreased concurrency from 63 to 62; reason: success ratio below threshold (connection struggling) (success_ratio = 1.000, threshold = 0.500)"},"filename":"/Users/runner/work/xet-core/xet-core/xet_client/src/cas_client/adaptive_concurrency/controller.rs","line_number":586}
{"timestamp":"2026-09-04T16:05:09.044226Z","level":"INFO","fields":{"message":"Concurrency control for download: Decreased concurrency from 62 to 61; reason: success ratio below threshold (connection struggling) (success_ratio = 1.000, threshold = 0.500)"},"filename":"/Users/runner/work/xet-core/xet-core/xet_client/src/cas_client/adaptive_concurrency/controller.rs","line_number":586}
{"timestamp":"2026-09-04T16:05:09.745848Z","level":"INFO","fields":{"message":"Concurrency control for download: Decreased concurrency from 61 to 60; reason: success ratio below threshold (connection struggling) (success_ratio = 1.000, threshold = 0.500)"},"filename":"/Users/runner/work/xet-core/xet-core/xet_client/src/cas_client/adaptive_concurrency/controller.rs","line_number":586}
{"timestamp":"2026-09-04T16:05:10.390227Z","level":"INFO","fields":{"message":"Concurrency control for download: Decreased concurrency from 60 to 59; reason: success ratio below threshold (connection struggling) (success_ratio = 1.000, threshold = 0.500)"},"filename":"/Users/runner/work/xet-core/xet-core/xet_client/src/cas_client/adaptive_concurrency/controller.rs","line_number":586}
{"timestamp":"2026-09-04T16:05:11.073341Z","level":"INFO","fields":{"message":"Concurrency control for download: Decreased concurrency from 59 to 58; reason: success ratio below threshold (connection struggling) (success_ratio = 1.000, threshold = 0.500)"},"filename":"/Users/runner/work/xet-core/xet-core/xet_client/src/cas_client/adaptive_concurrency/controller.rs","line_number":586}
{"timestamp":"2026-09-04T16:05:11.721692Z","level":"INFO","fields":{"message":"Concurrency control for download: Decreased concurrency from 58 to 57; reason: success ratio below threshold (connection struggling) (success_ratio = 1.000, threshold = 0.500)"},"filename":"/Users/runner/work/xet-core/xet-core/xet_client/src/cas_client/adaptive_concurrency/controller.rs","line_number":586}
{"timestamp":"2026-09-04T16:05:12.232122Z","level":"INFO","fields":{"message":"Concurrency control for download: Decreased concurrency from 57 to 56; reason: success ratio below threshold (connection struggling) (success_ratio = 1.000, threshold = 0.500)"},"filename":"/Users/runner/work/xet-core/xet-core/xet_client/src/cas_client/adaptive_concurrency/controller.rs","line_number":586}
{"timestamp":"2026-09-04T16:05:12.824707Z","level":"INFO","fields":{"message":"Concurrency control for download: Decreased concurrency from 56 to 55; reason: success ratio below threshold (connection struggling) (success_ratio = 1.000, threshold = 0.500)"},"filename":"/Users/runner/work/xet-core/xet-core/xet_client/src/cas_client/adaptive_concurrency/controller.rs","line_number":586}
{"timestamp":"2026-09-04T16:05:13.037868Z","level":"INFO","fields":{"message":"Concurrency control for download: Current concurrency = 55; predicted bandwidth = 10485760000000; success_ratio = 1.000; reference_size = 4.0MB; observed bytes sent so far = 188760184; completed transmissions = 76"},"filename":"/Users/runner/work/xet-core/xet-core/xet_client/src/cas_client/adaptive_concurrency/controller.rs","line_number":602}
{"timestamp":"2026-09-04T16:05:13.358530Z","level":"INFO","fields":{"message":"Concurrency control for download: Decreased concurrency from 55 to 54; reason: success ratio below threshold (connection struggling) (success_ratio = 1.000, threshold = 0.500)"},"filename":"/Users/runner/work/xet-core/xet-core/xet_client/src/cas_client/adaptive_concurrency/controller.rs","line_number":586}
{"timestamp":"2026-09-04T16:05:13.924266Z","level":"INFO","fields":{"message":"Concurrency control for download: Decreased concurrency from 54 to 53; reason: success ratio below threshold (connection struggling) (success_ratio = 1.000, threshold = 0.500)"},"filename":"/Users/runner/work/xet-core/xet-core/xet_client/src/cas_client/adaptive_concurrency/controller.rs","line_number":586}
{"timestamp":"2026-09-04T16:05:14.490212Z","level":"INFO","fields":{"message":"Concurrency control for download: Decreased concurrency from 53 to 52; reason: success ratio below threshold (connection struggling) (success_ratio = 1.000, threshold = 0.500)"},"filename":"/Users/runner/work/xet-core/xet-core/xet_client/src/cas_client/adaptive_concurrency/controller.rs","line_number":586}
{"timestamp":"2026-09-04T16:05:15.146601Z","level":"INFO","fields":{"message":"Concurrency control for download: Decreased concurrency from 52 to 51; reason: success ratio below threshold (connection struggling) (success_ratio = 1.000, threshold = 0.500)"},"filename":"/Users/runner/work/xet-core/xet-core/xet_client/src/cas_client/adaptive_concurrency/controller.rs","line_number":586}
{"timestamp":"2026-09-04T16:05:15.711588Z","level":"INFO","fields":{"message":"Concurrency control for download: Decreased concurrency from 51 to 50; reason: success ratio below threshold (connection struggling) (success_ratio = 1.000, threshold = 0.500)"},"filename":"/Users/runner/work/xet-core/xet-core/xet_client/src/cas_client/adaptive_concurrency/controller.rs","line_number":586}
{"timestamp":"2026-09-04T16:05:16.243144Z","level":"INFO","fields":{"message":"Concurrency control for download: Decreased concurrency from 50 to 49; reason: success ratio below threshold (connection struggling) (success_ratio = 1.000, threshold = 0.500)"},"filename":"/Users/runner/work/xet-core/xet-core/xet_client/src/cas_client/adaptive_concurrency/controller.rs","line_number":586}
{"timestamp":"2026-09-04T16:05:16.882728Z","level":"INFO","fields":{"message":"Concurrency control for download: Decreased concurrency from 49 to 48; reason: success ratio below threshold (connection struggling) (success_ratio = 1.000, threshold = 0.500)"},"filename":"/Users/runner/work/xet-core/xet-core/xet_client/src/cas_client/adaptive_concurrency/controller.rs","line_number":586}
{"timestamp":"2026-09-04T16:05:17.534159Z","level":"INFO","fields":{"message":"Concurrency control for download: Decreased concurrency from 48 to 47; reason: success ratio below threshold (connection struggling) (success_ratio = 1.000, threshold = 0.500)"},"filename":"/Users/runner/work/xet-core/xet-core/xet_client/src/cas_client/adaptive_concurrency/controller.rs","line_number":586}
{"timestamp":"2026-09-04T16:05:18.299316Z","level":"INFO","fields":{"message":"Concurrency control for download: Decreased concurrency from 47 to 46; reason: success ratio below threshold (connection struggling) (success_ratio = 1.000, threshold = 0.500)"},"filename":"/Users/runner/work/xet-core/xet-core/xet_client/src/cas_client/adaptive_concurrency/controller.rs","line_number":586}
{"timestamp":"2026-09-04T16:05:18.937570Z","level":"INFO","fields":{"message":"Concurrency control for download: Decreased concurrency from 46 to 45; reason: success ratio below threshold (connection struggling) (success_ratio = 1.000, threshold = 0.500)"},"filename":"/Users/runner/work/xet-core/xet-core/xet_client/src/cas_client/adaptive_concurrency/controller.rs","line_number":586}
{"timestamp":"2026-09-04T16:05:19.640556Z","level":"INFO","fields":{"message":"Concurrency control for download: Decreased concurrency from 45 to 44; reason: success ratio below threshold (connection struggling) (success_ratio = 1.000, threshold = 0.500)"},"filename":"/Users/runner/work/xet-core/xet-core/xet_client/src/cas_client/adaptive_concurrency/controller.rs","line_number":586}
{"timestamp":"2026-09-04T16:05:20.194906Z","level":"INFO","fields":{"message":"Concurrency control for download: Decreased concurrency from 44 to 43; reason: success ratio below threshold (connection struggling) (success_ratio = 1.000, threshold = 0.500)"},"filename":"/Users/runner/work/xet-core/xet-core/xet_client/src/cas_client/adaptive_concurrency/controller.rs","line_number":586}
{"timestamp":"2026-09-04T16:05:20.701128Z","level":"INFO","fields":{"message":"Concurrency control for download: Decreased concurrency from 43 to 42; reason: success ratio below threshold (connection struggling) (success_ratio = 1.000, threshold = 0.500)"},"filename":"/Users/runner/work/xet-core/xet-core/xet_client/src/cas_client/adaptive_concurrency/controller.rs","line_number":586}
{"timestamp":"2026-09-04T16:05:21.302034Z","level":"INFO","fields":{"message":"Concurrency control for download: Decreased concurrency from 42 to 41; reason: success ratio below threshold (connection struggling) (success_ratio = 1.000, threshold = 0.500)"},"filename":"/Users/runner/work/xet-core/xet-core/xet_client/src/cas_client/adaptive_concurrency/controller.rs","line_number":586}
{"timestamp":"2026-09-04T16:05:21.846209Z","level":"INFO","fields":{"message":"Concurrency control for download: Decreased concurrency from 41 to 40; reason: success ratio below threshold (connection struggling) (success_ratio = 1.000, threshold = 0.500)"},"filename":"/Users/runner/work/xet-core/xet-core/xet_client/src/cas_client/adaptive_concurrency/controller.rs","line_number":586}
{"timestamp":"2026-09-04T16:05:22.399914Z","level":"INFO","fields":{"message":"Concurrency control for download: Decreased concurrency from 40 to 39; reason: success ratio below threshold (connection struggling) (success_ratio = 1.000, threshold = 0.500)"},"filename":"/Users/runner/work/xet-core/xet-core/xet_client/src/cas_client/adaptive_concurrency/controller.rs","line_number":586}
{"timestamp":"2026-09-04T16:05:22.957076Z","level":"INFO","fields":{"message":"Concurrency control for download: Decreased concurrency from 39 to 38; reason: success ratio below threshold (connection struggling) (success_ratio = 1.000, threshold = 0.500)"},"filename":"/Users/runner/work/xet-core/xet-core/xet_client/src/cas_client/adaptive_concurrency/controller.rs","line_number":586}
{"timestamp":"2026-09-04T16:05:23.097161Z","level":"INFO","fields":{"message":"Concurrency control for download: Current concurrency = 38; predicted bandwidth = 10485760000000; success_ratio = 1.000; reference_size = 4.0MB; observed bytes sent so far = 195182712; completed transmissions = 76"},"filename":"/Users/runner/work/xet-core/xet-core/xet_client/src/cas_client/adaptive_concurrency/controller.rs","line_number":602}
{"timestamp":"2026-09-04T16:05:23.538326Z","level":"INFO","fields":{"message":"Concurrency control for download: Decreased concurrency from 38 to 37; reason: success ratio below threshold (connection struggling) (success_ratio = 1.000, threshold = 0.500)"},"filename":"/Users/runner/work/xet-core/xet-core/xet_client/src/cas_client/adaptive_concurrency/controller.rs","line_number":586}
{"timestamp":"2026-09-04T16:05:24.190226Z","level":"INFO","fields":{"message":"Concurrency control for download: Decreased concurrency from 37 to 36; reason: success ratio below threshold (connection struggling) (success_ratio = 1.000, threshold = 0.500)"},"filename":"/Users/runner/work/xet-core/xet-core/xet_client/src/cas_client/adaptive_concurrency/controller.rs","line_number":586}
{"timestamp":"2026-09-04T16:05:24.692827Z","level":"INFO","fields":{"message":"Concurrency control for download: Decreased concurrency from 36 to 35; reason: success ratio below threshold (connection struggling) (success_ratio = 1.000, threshold = 0.500)"},"filename":"/Users/runner/work/xet-core/xet-core/xet_client/src/cas_client/adaptive_concurrency/controller.rs","line_number":586}
{"timestamp":"2026-09-04T16:05:25.336791Z","level":"INFO","fields":{"message":"Concurrency control for download: Decreased concurrency from 35 to 34; reason: success ratio below threshold (connection struggling) (success_ratio = 1.000, threshold = 0.500)"},"filename":"/Users/runner/work/xet-core/xet-core/xet_client/src/cas_client/adaptive_concurrency/controller.rs","line_number":586}
{"timestamp":"2026-09-04T16:05:25.865165Z","level":"INFO","fields":{"message":"Concurrency control for download: Decreased concurrency from 34 to 33; reason: success ratio below threshold (connection struggling) (success_ratio = 1.000, threshold = 0.500)"},"filename":"/Users/runner/work/xet-core/xet-core/xet_client/src/cas_client/adaptive_concurrency/controller.rs","line_number":586}
{"timestamp":"2026-09-04T16:05:26.634009Z","level":"INFO","fields":{"message":"Concurrency control for download: Decreased concurrency from 33 to 32; reason: success ratio below threshold (connection struggling) (success_ratio = 1.000, threshold = 0.500)"},"filename":"/Users/runner/work/xet-core/xet-core/xet_client/src/cas_client/adaptive_concurrency/controller.rs","line_number":586}
{"timestamp":"2026-09-04T16:05:27.139741Z","level":"INFO","fields":{"message":"Concurrency control for download: Decreased concurrency from 32 to 31; reason: success ratio below threshold (connection struggling) (success_ratio = 1.000, threshold = 0.500)"},"filename":"/Users/runner/work/xet-core/xet-core/xet_client/src/cas_client/adaptive_concurrency/controller.rs","line_number":586}
{"timestamp":"2026-09-04T16:05:27.707766Z","level":"INFO","fields":{"message":"Concurrency control for download: Decreased concurrency from 31 to 30; reason: success ratio below threshold (connection struggling) (success_ratio = 1.000, threshold = 0.500)"},"filename":"/Users/runner/work/xet-core/xet-core/xet_client/src/cas_client/adaptive_concurrency/controller.rs","line_number":586}
{"timestamp":"2026-09-04T16:05:28.216187Z","level":"INFO","fields":{"message":"Concurrency control for download: Decreased concurrency from 30 to 29; reason: success ratio below threshold (connection struggling) (success_ratio = 1.000, threshold = 0.500)"},"filename":"/Users/runner/work/xet-core/xet-core/xet_client/src/cas_client/adaptive_concurrency/controller.rs","line_number":586}
{"timestamp":"2026-09-04T16:05:28.763200Z","level":"INFO","fields":{"message":"Concurrency control for download: Decreased concurrency from 29 to 28; reason: success ratio below threshold (connection struggling) (success_ratio = 1.000, threshold = 0.500)"},"filename":"/Users/runner/work/xet-core/xet-core/xet_client/src/cas_client/adaptive_concurrency/controller.rs","line_number":586}
{"timestamp":"2026-09-04T16:05:29.291735Z","level":"INFO","fields":{"message":"Concurrency control for download: Decreased concurrency from 28 to 27; reason: success ratio below threshold (connection struggling) (success_ratio = 1.000, threshold = 0.500)"},"filename":"/Users/runner/work/xet-core/xet-core/xet_client/src/cas_client/adaptive_concurrency/controller.rs","line_number":586}
{"timestamp":"2026-09-04T16:05:29.800040Z","level":"INFO","fields":{"message":"Concurrency control for download: Decreased concurrency from 27 to 26; reason: success ratio below threshold (connection struggling) (success_ratio = 1.000, threshold = 0.500)"},"filename":"/Users/runner/work/xet-core/xet-core/xet_client/src/cas_client/adaptive_concurrency/controller.rs","line_number":586}
{"timestamp":"2026-09-04T16:05:30.784855Z","level":"INFO","fields":{"message":"Received CAS response","request_id":"01M1PJP0Z53Y78503X6H9GZ428","status_code":206},"filename":"/Users/runner/work/xet-core/xet-core/xet_client/src/common/http_client.rs","line_number":288}
{"timestamp":"2026-09-04T16:05:30.784909Z","level":"INFO","fields":{"message":"Request Success: s3::get_range api call succeeded (request id 01M1PJP0Z53Y78503X6H9GZ428, retry 1)."},"filename":"/Users/runner/work/xet-core/xet-core/xet_client/src/cas_client/retry_wrapper.rs","line_number":237}
{"timestamp":"2026-09-04T16:05:44.374750Z","level":"INFO","fields":{"message":"Concurrency control for download: Current concurrency = 26; predicted bandwidth = 1547588; success_ratio = 1.000; reference_size = 5.4MB; observed bytes sent so far = 204379289; completed transmissions = 78"},"filename":"/Users/runner/work/xet-core/xet-core/xet_client/src/cas_client/adaptive_concurrency/controller.rs","line_number":602}
{"timestamp":"2026-09-04T16:05:50.402099Z","level":"INFO","fields":{"message":"File reconstruction completed successfully","file_hash":"18a8d358b44bee6f378ec0bdffa770d877a61637454f6804f830cb4a7ac9cea5","block_count":1,"total_terms_processed":154,"total_bytes_scheduled":242026427},"filename":"/Users/runner/work/xet-core/xet-core/xet_data/src/file_reconstruction/run_state.rs","line_number":150}
